This file contains any messages produced by compilers while
running configure, to aid debugging if configure makes a mistake.

It was created by libgcrypt configure 1.10.1-unknown, which was
generated by GNU Autoconf 2.71.  Invocation command line was

  $ ./configure CC=wllvm 'CFLAGS=-g -O0 -DNO_ASM' --enable-static --disable-asm --with-libgpg-error-prefix=../libgpg-error-1.44/src/.libs

## --------- ##
## Platform. ##
## --------- ##

hostname = edge-intelligence-lab-gpu-server-2
uname -m = x86_64
uname -r = 5.19.17-051917-generic
uname -s = Linux
uname -v = #202210240939 SMP PREEMPT_DYNAMIC Mon Oct 24 09:43:01 UTC 2022

/usr/bin/uname -p = x86_64
/bin/uname -X     = unknown

/bin/arch              = x86_64
/usr/bin/arch -k       = unknown
/usr/convex/getsysinfo = unknown
/usr/bin/hostinfo      = unknown
/bin/machine           = unknown
/usr/bin/oslevel       = unknown
/bin/universe          = unknown

PATH: /home/theta-lin/.opam/default/bin/
PATH: /home/theta-lin/klee-controlflow/build/bin/
PATH: /usr/local/cuda-12.2/bin/
PATH: /home/theta-lin/.opam/default/bin/
PATH: /home/theta-lin/.sdkman/candidates/gradle/current/bin/
PATH: /home/theta-lin/miniconda3/bin/
PATH: /home/theta-lin/miniconda3/condabin/
PATH: /home/theta-lin/.fzf/bin/
PATH: /usr/local/cuda-12.2/bin/
PATH: /home/theta-lin/.cargo/bin/
PATH: /usr/local/sbin/
PATH: /usr/local/bin/
PATH: /usr/sbin/
PATH: /usr/bin/
PATH: /sbin/
PATH: /bin/
PATH: /usr/games/
PATH: /usr/local/games/
PATH: /snap/bin/
PATH: /home/theta-lin/.local/bin/
PATH: /home/theta-lin/.local/bin/
PATH: /home/theta-lin/.local/bin/
PATH: /home/theta-lin/.local/bin/


## ----------- ##
## Core tests. ##
## ----------- ##

configure:2909: looking for aux files: ltmain.sh compile config.guess config.sub missing install-sh
configure:2922:  trying ./build-aux/
configure:2951:   ./build-aux/ltmain.sh found
configure:2951:   ./build-aux/compile found
configure:2951:   ./build-aux/config.guess found
configure:2951:   ./build-aux/config.sub found
configure:2951:   ./build-aux/missing found
configure:2933:   ./build-aux/install-sh found
configure:3111: checking for a BSD-compatible install
configure:3184: result: /usr/bin/install -c
configure:3195: checking whether build environment is sane
configure:3250: result: yes
configure:3409: checking for a race-free mkdir -p
configure:3453: result: /usr/bin/mkdir -p
configure:3460: checking for gawk
configure:3481: found /usr/bin/gawk
configure:3492: result: gawk
configure:3503: checking whether make sets $(MAKE)
configure:3526: result: yes
configure:3556: checking whether make supports nested variables
configure:3574: result: yes
configure:3706: checking build system type
configure:3721: result: x86_64-pc-linux-gnu
configure:3741: checking host system type
configure:3755: result: x86_64-pc-linux-gnu
configure:3776: checking whether to enable maintainer-specific portions of Makefiles
configure:3786: result: no
configure:3811: checking whether make supports nested variables
configure:3829: result: yes
configure:3854: checking whether make sets $(MAKE)
configure:3877: result: yes
configure:3962: checking for gcc
configure:3994: result: wllvm
configure:4347: checking for C compiler version
configure:4356: wllvm --version >&5
Ubuntu clang version 13.0.1-2ubuntu2.2
Target: x86_64-pc-linux-gnu
Thread model: posix
InstalledDir: /usr/bin
configure:4367: $? = 0
configure:4356: wllvm -v >&5
Ubuntu clang version 13.0.1-2ubuntu2.2
Target: x86_64-pc-linux-gnu
Thread model: posix
InstalledDir: /usr/bin
Found candidate GCC installation: /usr/bin/../lib/gcc/x86_64-linux-gnu/11
Found candidate GCC installation: /usr/bin/../lib/gcc/x86_64-linux-gnu/12
Found candidate GCC installation: /usr/bin/../lib/gcc/x86_64-linux-gnu/13
Selected GCC installation: /usr/bin/../lib/gcc/x86_64-linux-gnu/13
Candidate multilib: .;@m64
Selected multilib: .;@m64
... rest of stderr output deleted ...
configure:4367: $? = 0
configure:4356: wllvm -V >&5
WARNING:Did not recognize the compiler flag "-V"
clang: error: argument to '-V' is missing (expected 1 value)
clang: error: no input files
ERROR:Failed to compile using given arguments: [-V]
configure:4367: $? = 1
configure:4356: wllvm -qversion >&5
WARNING:Did not recognize the compiler flag "-qversion"
clang: error: unknown argument '-qversion'; did you mean '--version'?
clang: error: no input files
ERROR:Failed to compile using given arguments: [-qversion]
configure:4367: $? = 1
configure:4356: wllvm -version >&5
WARNING:Did not recognize the compiler flag "-version"
clang: error: unknown argument '-version'; did you mean '--version'?
clang: error: no input files
ERROR:Failed to compile using given arguments: [-version]
configure:4367: $? = 1
configure:4387: checking whether the C compiler works
configure:4409: wllvm -g -O0 -DNO_ASM   conftest.c  >&5
configure:4413: $? = 0
configure:4463: result: yes
configure:4466: checking for C compiler default output file name
configure:4468: result: a.out
configure:4474: checking for suffix of executables
configure:4481: wllvm -o conftest -g -O0 -DNO_ASM   conftest.c  >&5
configure:4485: $? = 0
configure:4508: result: 
configure:4530: checking whether we are cross compiling
configure:4538: wllvm -o conftest -g -O0 -DNO_ASM   conftest.c  >&5
configure:4542: $? = 0
configure:4549: ./conftest
configure:4553: $? = 0
configure:4568: result: no
configure:4573: checking for suffix of object files
configure:4596: wllvm -c -g -O0 -DNO_ASM  conftest.c >&5
configure:4600: $? = 0
configure:4622: result: o
configure:4626: checking whether the compiler supports GNU C
configure:4646: wllvm -c -g -O0 -DNO_ASM  conftest.c >&5
configure:4646: $? = 0
configure:4656: result: yes
configure:4667: checking whether wllvm accepts -g
configure:4688: wllvm -c -g  conftest.c >&5
configure:4688: $? = 0
configure:4732: result: yes
configure:4752: checking for wllvm option to enable C11 features
configure:4767: wllvm  -c -g -O0 -DNO_ASM  conftest.c >&5
configure:4767: $? = 0
configure:4785: result: none needed
configure:4901: checking whether wllvm understands -c and -o together
configure:4924: wllvm -c conftest.c -o conftest2.o
configure:4927: $? = 0
configure:4924: wllvm -c conftest.c -o conftest2.o
configure:4927: $? = 0
configure:4939: result: yes
configure:4959: checking whether make supports the include directive
configure:4974: make -f confmf.GNU && cat confinc.out
this is the am__doit target
configure:4977: $? = 0
configure:4996: result: yes (GNU style)
configure:5022: checking dependency style of wllvm
configure:5134: result: gcc3
configure:5154: checking how to run the C preprocessor
configure:5180: wllvm -E  conftest.c
configure:5180: $? = 0
configure:5195: wllvm -E  conftest.c
conftest.c:11:10: fatal error: 'ac_nonexistent.h' file not found
#include <ac_nonexistent.h>
         ^~~~~~~~~~~~~~~~~~
1 error generated.
ERROR:Failed to compile using given arguments: [-E conftest.c]
configure:5195: $? = 1
configure: failed program was:
| /* confdefs.h */
| #define PACKAGE_NAME "libgcrypt"
| #define PACKAGE_TARNAME "libgcrypt"
| #define PACKAGE_VERSION "1.10.1-unknown"
| #define PACKAGE_STRING "libgcrypt 1.10.1-unknown"
| #define PACKAGE_BUGREPORT "https://bugs.gnupg.org"
| #define PACKAGE_URL ""
| #define PACKAGE "libgcrypt"
| #define VERSION "1.10.1-unknown"
| /* end confdefs.h.  */
| #include <ac_nonexistent.h>
configure:5222: result: wllvm -E
configure:5236: wllvm -E  conftest.c
configure:5236: $? = 0
configure:5251: wllvm -E  conftest.c
conftest.c:11:10: fatal error: 'ac_nonexistent.h' file not found
#include <ac_nonexistent.h>
         ^~~~~~~~~~~~~~~~~~
1 error generated.
ERROR:Failed to compile using given arguments: [-E conftest.c]
configure:5251: $? = 1
configure: failed program was:
| /* confdefs.h */
| #define PACKAGE_NAME "libgcrypt"
| #define PACKAGE_TARNAME "libgcrypt"
| #define PACKAGE_VERSION "1.10.1-unknown"
| #define PACKAGE_STRING "libgcrypt 1.10.1-unknown"
| #define PACKAGE_BUGREPORT "https://bugs.gnupg.org"
| #define PACKAGE_URL ""
| #define PACKAGE "libgcrypt"
| #define VERSION "1.10.1-unknown"
| /* end confdefs.h.  */
| #include <ac_nonexistent.h>
configure:5291: checking dependency style of wllvm
configure:5401: result: gcc3
configure:5417: checking for library containing strerror
configure:5447: wllvm -o conftest -g -O0 -DNO_ASM   conftest.c  >&5
conftest.c:15:6: warning: incompatible redeclaration of library function 'strerror' [-Wincompatible-library-redeclaration]
char strerror ();
     ^
conftest.c:15:6: note: 'strerror' is a builtin with type 'char *(int)'
1 warning generated.
conftest.c:15:6: warning: incompatible redeclaration of library function 'strerror' [-Wincompatible-library-redeclaration]
char strerror ();
     ^
conftest.c:15:6: note: 'strerror' is a builtin with type 'char *(int)'
1 warning generated.
conftest.c:15:6: warning: incompatible redeclaration of library function 'strerror' [-Wincompatible-library-redeclaration]
char strerror ();
     ^
conftest.c:15:6: note: 'strerror' is a builtin with type 'char *(int)'
1 warning generated.
configure:5447: $? = 0
configure:5467: result: none required
configure:5481: checking for gawk
configure:5513: result: gawk
configure:5529: checking for stdio.h
configure:5529: wllvm -c -g -O0 -DNO_ASM  conftest.c >&5
configure:5529: $? = 0
configure:5529: result: yes
configure:5529: checking for stdlib.h
configure:5529: wllvm -c -g -O0 -DNO_ASM  conftest.c >&5
configure:5529: $? = 0
configure:5529: result: yes
configure:5529: checking for string.h
configure:5529: wllvm -c -g -O0 -DNO_ASM  conftest.c >&5
configure:5529: $? = 0
configure:5529: result: yes
configure:5529: checking for inttypes.h
configure:5529: wllvm -c -g -O0 -DNO_ASM  conftest.c >&5
configure:5529: $? = 0
configure:5529: result: yes
configure:5529: checking for stdint.h
configure:5529: wllvm -c -g -O0 -DNO_ASM  conftest.c >&5
configure:5529: $? = 0
configure:5529: result: yes
configure:5529: checking for strings.h
configure:5529: wllvm -c -g -O0 -DNO_ASM  conftest.c >&5
configure:5529: $? = 0
configure:5529: result: yes
configure:5529: checking for sys/stat.h
configure:5529: wllvm -c -g -O0 -DNO_ASM  conftest.c >&5
configure:5529: $? = 0
configure:5529: result: yes
configure:5529: checking for sys/types.h
configure:5529: wllvm -c -g -O0 -DNO_ASM  conftest.c >&5
configure:5529: $? = 0
configure:5529: result: yes
configure:5529: checking for unistd.h
configure:5529: wllvm -c -g -O0 -DNO_ASM  conftest.c >&5
configure:5529: $? = 0
configure:5529: result: yes
configure:5529: checking for wchar.h
configure:5529: wllvm -c -g -O0 -DNO_ASM  conftest.c >&5
configure:5529: $? = 0
configure:5529: result: yes
configure:5529: checking for minix/config.h
configure:5529: wllvm -c -g -O0 -DNO_ASM  conftest.c >&5
conftest.c:49:10: fatal error: 'minix/config.h' file not found
#include <minix/config.h>
         ^~~~~~~~~~~~~~~~
1 error generated.
ERROR:Failed to compile using given arguments: [-c -g -O0 -DNO_ASM conftest.c]
configure:5529: $? = 1
configure: failed program was:
| /* confdefs.h */
| #define PACKAGE_NAME "libgcrypt"
| #define PACKAGE_TARNAME "libgcrypt"
| #define PACKAGE_VERSION "1.10.1-unknown"
| #define PACKAGE_STRING "libgcrypt 1.10.1-unknown"
| #define PACKAGE_BUGREPORT "https://bugs.gnupg.org"
| #define PACKAGE_URL ""
| #define PACKAGE "libgcrypt"
| #define VERSION "1.10.1-unknown"
| #define HAVE_STDIO_H 1
| #define HAVE_STDLIB_H 1
| #define HAVE_STRING_H 1
| #define HAVE_INTTYPES_H 1
| #define HAVE_STDINT_H 1
| #define HAVE_STRINGS_H 1
| #define HAVE_SYS_STAT_H 1
| #define HAVE_SYS_TYPES_H 1
| #define HAVE_UNISTD_H 1
| #define HAVE_WCHAR_H 1
| /* end confdefs.h.  */
| #include <stddef.h>
| #ifdef HAVE_STDIO_H
| # include <stdio.h>
| #endif
| #ifdef HAVE_STDLIB_H
| # include <stdlib.h>
| #endif
| #ifdef HAVE_STRING_H
| # include <string.h>
| #endif
| #ifdef HAVE_INTTYPES_H
| # include <inttypes.h>
| #endif
| #ifdef HAVE_STDINT_H
| # include <stdint.h>
| #endif
| #ifdef HAVE_STRINGS_H
| # include <strings.h>
| #endif
| #ifdef HAVE_SYS_TYPES_H
| # include <sys/types.h>
| #endif
| #ifdef HAVE_SYS_STAT_H
| # include <sys/stat.h>
| #endif
| #ifdef HAVE_UNISTD_H
| # include <unistd.h>
| #endif
| #include <minix/config.h>
configure:5529: result: no
configure:5529: checking for sys/socket.h
configure:5529: wllvm -c -g -O0 -DNO_ASM  conftest.c >&5
configure:5529: $? = 0
configure:5529: result: yes
configure:5560: checking whether it is safe to define __EXTENSIONS__
configure:5579: wllvm -c -g -O0 -DNO_ASM  conftest.c >&5
configure:5579: $? = 0
configure:5587: result: yes
configure:5590: checking whether _XOPEN_SOURCE should be defined
configure:5612: wllvm -c -g -O0 -DNO_ASM  conftest.c >&5
configure:5612: $? = 0
configure:5639: result: no
configure:5821: checking how to print strings
configure:5848: result: printf
configure:5869: checking for a sed that does not truncate output
configure:5939: result: /usr/bin/sed
configure:5957: checking for grep that handles long lines and -e
configure:6021: result: /usr/bin/grep
configure:6026: checking for egrep
configure:6094: result: /usr/bin/grep -E
configure:6099: checking for fgrep
configure:6167: result: /usr/bin/grep -F
configure:6203: checking for ld used by wllvm
configure:6271: result: /usr/bin/ld
configure:6278: checking if the linker (/usr/bin/ld) is GNU ld
configure:6294: result: yes
configure:6306: checking for BSD- or MS-compatible name lister (nm)
configure:6356: result: /usr/bin/nm -B
configure:6496: checking the name lister (/usr/bin/nm -B) interface
configure:6504: wllvm -c -g -O0 -DNO_ASM  conftest.c >&5
configure:6507: /usr/bin/nm -B "conftest.o"
configure:6510: output
0000000000000000 B some_variable
configure:6517: result: BSD nm
configure:6520: checking whether ln -s works
configure:6524: result: yes
configure:6532: checking the maximum length of command line arguments
configure:6663: result: 1572864
configure:6680: checking whether the shell understands some XSI constructs
configure:6690: result: yes
configure:6694: checking whether the shell understands "+="
configure:6700: result: yes
configure:6735: checking how to convert x86_64-pc-linux-gnu file names to x86_64-pc-linux-gnu format
configure:6776: result: func_convert_file_noop
configure:6783: checking how to convert x86_64-pc-linux-gnu file names to toolchain format
configure:6804: result: func_convert_file_noop
configure:6811: checking for /usr/bin/ld option to reload object files
configure:6819: result: -r
configure:6898: checking for objdump
configure:6919: found /usr/bin/objdump
configure:6930: result: objdump
configure:6959: checking how to recognize dependent libraries
configure:7162: result: pass_all
configure:7252: checking for dlltool
configure:7287: result: no
configure:7314: checking how to associate runtime and link libraries
configure:7342: result: printf %s\n
configure:7407: checking for ar
configure:7428: found /usr/bin/ar
configure:7439: result: ar
configure:7476: checking for archiver @FILE support
configure:7494: wllvm -c -g -O0 -DNO_ASM  conftest.c >&5
configure:7494: $? = 0
configure:7498: ar cru libconftest.a @conftest.lst >&5
ar: `u' modifier ignored since `D' is the default (see `U')
configure:7501: $? = 0
configure:7506: ar cru libconftest.a @conftest.lst >&5
ar: `u' modifier ignored since `D' is the default (see `U')
ar: conftest.o: No such file or directory
configure:7509: $? = 1
configure:7521: result: @
configure:7584: checking for strip
configure:7605: found /usr/bin/strip
configure:7616: result: strip
configure:7693: checking for ranlib
configure:7714: found /usr/bin/ranlib
configure:7725: result: ranlib
configure:7827: checking command to parse /usr/bin/nm -B output from wllvm object
configure:7948: wllvm -c -g -O0 -DNO_ASM  conftest.c >&5
configure:7951: $? = 0
configure:7955: /usr/bin/nm -B conftest.o \| sed -n -e 's/^.*[ ]\([ABCDGIRSTW][ABCDGIRSTW]*\)[ ][ ]*\([_A-Za-z][_A-Za-z0-9]*\)$/\1 \2 \2/p' | sed '/ __gnu_lto/d' \> conftest.nm
configure:7958: $? = 0
configure:8024: wllvm -o conftest -g -O0 -DNO_ASM   conftest.c conftstm.o >&5
configure:8027: $? = 0
configure:8065: result: ok
configure:8102: checking for sysroot
configure:8133: result: no
configure:8211: wllvm -c -g -O0 -DNO_ASM  conftest.c >&5
configure:8214: $? = 0
configure:8403: checking for mt
configure:8424: found /usr/bin/mt
configure:8435: result: mt
configure:8458: checking if mt is a manifest tool
configure:8465: mt '-?'
configure:8473: result: no
configure:9159: checking for dlfcn.h
configure:9159: wllvm -c -g -O0 -DNO_ASM  conftest.c >&5
configure:9159: $? = 0
configure:9159: result: yes
configure:9693: checking for objdir
configure:9709: result: .libs
configure:9980: checking if wllvm supports -fno-rtti -fno-exceptions
configure:9999: wllvm -c -g -O0 -DNO_ASM  -fno-rtti -fno-exceptions conftest.c >&5
configure:10003: $? = 0
configure:10016: result: yes
configure:10343: checking for wllvm option to produce PIC
configure:10351: result: -fPIC -DPIC
configure:10359: checking if wllvm PIC flag -fPIC -DPIC works
configure:10378: wllvm -c -g -O0 -DNO_ASM  -fPIC -DPIC -DPIC conftest.c >&5
configure:10382: $? = 0
configure:10395: result: yes
configure:10424: checking if wllvm static flag -static works
configure:10453: result: yes
configure:10468: checking if wllvm supports -c -o file.o
configure:10490: wllvm -c -g -O0 -DNO_ASM  -o out/conftest2.o conftest.c >&5
configure:10494: $? = 0
configure:10516: result: yes
configure:10524: checking if wllvm supports -c -o file.o
configure:10572: result: yes
configure:10605: checking whether the wllvm linker (/usr/bin/ld -m elf_x86_64) supports shared libraries
configure:11769: result: yes
configure:11806: checking whether -lc should be explicitly linked in
configure:11815: wllvm -c -g -O0 -DNO_ASM  conftest.c >&5
configure:11818: $? = 0
configure:11833: wllvm -shared  -fPIC -DPIC conftest.o  -v -Wl,-soname -Wl,conftest -o conftest 2\>\&1 \| /usr/bin/grep  -lc  \>/dev/null 2\>\&1
configure:11836: $? = 0
configure:11850: result: no
configure:12010: checking dynamic linker characteristics
configure:12542: wllvm -o conftest -g -O0 -DNO_ASM   -Wl,-rpath -Wl,/foo conftest.c  >&5
configure:12542: $? = 0
configure:12778: result: GNU/Linux ld.so
configure:12885: checking how to hardcode library paths into programs
configure:12910: result: immediate
configure:13454: checking whether stripping libraries is possible
configure:13459: result: yes
configure:13494: checking if libtool supports shared libraries
configure:13496: result: yes
configure:13499: checking whether to build shared libraries
configure:13520: result: yes
configure:13523: checking whether to build static libraries
configure:13527: result: yes
configure:13612: checking for windres
configure:13647: result: no
configure:13939: checking whether byte ordering is bigendian
configure:13955: wllvm -c -g -O0 -DNO_ASM  conftest.c >&5
conftest.c:42:9: error: unknown type name 'not'
               not a universal capable compiler
               ^
conftest.c:42:14: error: expected ';' after top level declarator
               not a universal capable compiler
                    ^
                    ;
2 errors generated.
ERROR:Failed to compile using given arguments: [-c -g -O0 -DNO_ASM conftest.c]
configure:13955: $? = 1
configure: failed program was:
| /* confdefs.h */
| #define PACKAGE_NAME "libgcrypt"
| #define PACKAGE_TARNAME "libgcrypt"
| #define PACKAGE_VERSION "1.10.1-unknown"
| #define PACKAGE_STRING "libgcrypt 1.10.1-unknown"
| #define PACKAGE_BUGREPORT "https://bugs.gnupg.org"
| #define PACKAGE_URL ""
| #define PACKAGE "libgcrypt"
| #define VERSION "1.10.1-unknown"
| #define HAVE_STDIO_H 1
| #define HAVE_STDLIB_H 1
| #define HAVE_STRING_H 1
| #define HAVE_INTTYPES_H 1
| #define HAVE_STDINT_H 1
| #define HAVE_STRINGS_H 1
| #define HAVE_SYS_STAT_H 1
| #define HAVE_SYS_TYPES_H 1
| #define HAVE_UNISTD_H 1
| #define HAVE_WCHAR_H 1
| #define HAVE_SYS_SOCKET_H 1
| #define STDC_HEADERS 1
| #define _ALL_SOURCE 1
| #define _DARWIN_C_SOURCE 1
| #define _GNU_SOURCE 1
| #define _HPUX_ALT_XOPEN_SOCKET_API 1
| #define _NETBSD_SOURCE 1
| #define _OPENBSD_SOURCE 1
| #define _POSIX_PTHREAD_SEMANTICS 1
| #define __STDC_WANT_IEC_60559_ATTRIBS_EXT__ 1
| #define __STDC_WANT_IEC_60559_BFP_EXT__ 1
| #define __STDC_WANT_IEC_60559_DFP_EXT__ 1
| #define __STDC_WANT_IEC_60559_FUNCS_EXT__ 1
| #define __STDC_WANT_IEC_60559_TYPES_EXT__ 1
| #define __STDC_WANT_LIB_EXT2__ 1
| #define __STDC_WANT_MATH_SPEC_FUNCS__ 1
| #define _TANDEM_SOURCE 1
| #define __EXTENSIONS__ 1
| #define HAVE_DLFCN_H 1
| #define LT_OBJDIR ".libs/"
| /* end confdefs.h.  */
| #ifndef __APPLE_CC__
| 	       not a universal capable compiler
| 	     #endif
| 	     typedef int dummy;
| 
configure:14001: wllvm -c -g -O0 -DNO_ASM  conftest.c >&5
configure:14001: $? = 0
configure:14020: wllvm -c -g -O0 -DNO_ASM  conftest.c >&5
conftest.c:48:4: error: use of undeclared identifier 'not'
                 not big endian
                 ^
1 error generated.
ERROR:Failed to compile using given arguments: [-c -g -O0 -DNO_ASM conftest.c]
configure:14020: $? = 1
configure: failed program was:
| /* confdefs.h */
| #define PACKAGE_NAME "libgcrypt"
| #define PACKAGE_TARNAME "libgcrypt"
| #define PACKAGE_VERSION "1.10.1-unknown"
| #define PACKAGE_STRING "libgcrypt 1.10.1-unknown"
| #define PACKAGE_BUGREPORT "https://bugs.gnupg.org"
| #define PACKAGE_URL ""
| #define PACKAGE "libgcrypt"
| #define VERSION "1.10.1-unknown"
| #define HAVE_STDIO_H 1
| #define HAVE_STDLIB_H 1
| #define HAVE_STRING_H 1
| #define HAVE_INTTYPES_H 1
| #define HAVE_STDINT_H 1
| #define HAVE_STRINGS_H 1
| #define HAVE_SYS_STAT_H 1
| #define HAVE_SYS_TYPES_H 1
| #define HAVE_UNISTD_H 1
| #define HAVE_WCHAR_H 1
| #define HAVE_SYS_SOCKET_H 1
| #define STDC_HEADERS 1
| #define _ALL_SOURCE 1
| #define _DARWIN_C_SOURCE 1
| #define _GNU_SOURCE 1
| #define _HPUX_ALT_XOPEN_SOCKET_API 1
| #define _NETBSD_SOURCE 1
| #define _OPENBSD_SOURCE 1
| #define _POSIX_PTHREAD_SEMANTICS 1
| #define __STDC_WANT_IEC_60559_ATTRIBS_EXT__ 1
| #define __STDC_WANT_IEC_60559_BFP_EXT__ 1
| #define __STDC_WANT_IEC_60559_DFP_EXT__ 1
| #define __STDC_WANT_IEC_60559_FUNCS_EXT__ 1
| #define __STDC_WANT_IEC_60559_TYPES_EXT__ 1
| #define __STDC_WANT_LIB_EXT2__ 1
| #define __STDC_WANT_MATH_SPEC_FUNCS__ 1
| #define _TANDEM_SOURCE 1
| #define __EXTENSIONS__ 1
| #define HAVE_DLFCN_H 1
| #define LT_OBJDIR ".libs/"
| /* end confdefs.h.  */
| #include <sys/types.h>
| 		#include <sys/param.h>
| 
| int
| main (void)
| {
| #if BYTE_ORDER != BIG_ENDIAN
| 		 not big endian
| 		#endif
| 
|   ;
|   return 0;
| }
configure:14154: result: no
configure:14182: checking size of unsigned short
configure:14188: wllvm -o conftest -g -O0 -DNO_ASM   conftest.c  >&5
configure:14188: $? = 0
configure:14188: ./conftest
configure:14188: $? = 0
configure:14203: result: 2
configure:14215: checking size of unsigned int
configure:14221: wllvm -o conftest -g -O0 -DNO_ASM   conftest.c  >&5
configure:14221: $? = 0
configure:14221: ./conftest
configure:14221: $? = 0
configure:14236: result: 4
configure:14248: checking size of unsigned long
configure:14254: wllvm -o conftest -g -O0 -DNO_ASM   conftest.c  >&5
configure:14254: $? = 0
configure:14254: ./conftest
configure:14254: $? = 0
configure:14269: result: 8
configure:14281: checking size of unsigned long long
configure:14287: wllvm -o conftest -g -O0 -DNO_ASM   conftest.c  >&5
configure:14287: $? = 0
configure:14287: ./conftest
configure:14287: $? = 0
configure:14302: result: 8
configure:14314: checking size of void *
configure:14320: wllvm -o conftest -g -O0 -DNO_ASM   conftest.c  >&5
configure:14320: $? = 0
configure:14320: ./conftest
configure:14320: $? = 0
configure:14335: result: 8
configure:14345: checking for uintptr_t
configure:14345: wllvm -c -g -O0 -DNO_ASM  conftest.c >&5
configure:14345: $? = 0
configure:14345: wllvm -c -g -O0 -DNO_ASM  conftest.c >&5
conftest.c:77:24: error: expected expression
if (sizeof ((uintptr_t)))
                       ^
1 error generated.
ERROR:Failed to compile using given arguments: [-c -g -O0 -DNO_ASM conftest.c]
configure:14345: $? = 1
configure: failed program was:
| /* confdefs.h */
| #define PACKAGE_NAME "libgcrypt"
| #define PACKAGE_TARNAME "libgcrypt"
| #define PACKAGE_VERSION "1.10.1-unknown"
| #define PACKAGE_STRING "libgcrypt 1.10.1-unknown"
| #define PACKAGE_BUGREPORT "https://bugs.gnupg.org"
| #define PACKAGE_URL ""
| #define PACKAGE "libgcrypt"
| #define VERSION "1.10.1-unknown"
| #define HAVE_STDIO_H 1
| #define HAVE_STDLIB_H 1
| #define HAVE_STRING_H 1
| #define HAVE_INTTYPES_H 1
| #define HAVE_STDINT_H 1
| #define HAVE_STRINGS_H 1
| #define HAVE_SYS_STAT_H 1
| #define HAVE_SYS_TYPES_H 1
| #define HAVE_UNISTD_H 1
| #define HAVE_WCHAR_H 1
| #define HAVE_SYS_SOCKET_H 1
| #define STDC_HEADERS 1
| #define _ALL_SOURCE 1
| #define _DARWIN_C_SOURCE 1
| #define _GNU_SOURCE 1
| #define _HPUX_ALT_XOPEN_SOCKET_API 1
| #define _NETBSD_SOURCE 1
| #define _OPENBSD_SOURCE 1
| #define _POSIX_PTHREAD_SEMANTICS 1
| #define __STDC_WANT_IEC_60559_ATTRIBS_EXT__ 1
| #define __STDC_WANT_IEC_60559_BFP_EXT__ 1
| #define __STDC_WANT_IEC_60559_DFP_EXT__ 1
| #define __STDC_WANT_IEC_60559_FUNCS_EXT__ 1
| #define __STDC_WANT_IEC_60559_TYPES_EXT__ 1
| #define __STDC_WANT_LIB_EXT2__ 1
| #define __STDC_WANT_MATH_SPEC_FUNCS__ 1
| #define _TANDEM_SOURCE 1
| #define __EXTENSIONS__ 1
| #define HAVE_DLFCN_H 1
| #define LT_OBJDIR ".libs/"
| #define SIZEOF_UNSIGNED_SHORT 2
| #define SIZEOF_UNSIGNED_INT 4
| #define SIZEOF_UNSIGNED_LONG 8
| #define SIZEOF_UNSIGNED_LONG_LONG 8
| #define SIZEOF_VOID_P 8
| /* end confdefs.h.  */
| #include <stddef.h>
| #ifdef HAVE_STDIO_H
| # include <stdio.h>
| #endif
| #ifdef HAVE_STDLIB_H
| # include <stdlib.h>
| #endif
| #ifdef HAVE_STRING_H
| # include <string.h>
| #endif
| #ifdef HAVE_INTTYPES_H
| # include <inttypes.h>
| #endif
| #ifdef HAVE_STDINT_H
| # include <stdint.h>
| #endif
| #ifdef HAVE_STRINGS_H
| # include <strings.h>
| #endif
| #ifdef HAVE_SYS_TYPES_H
| # include <sys/types.h>
| #endif
| #ifdef HAVE_SYS_STAT_H
| # include <sys/stat.h>
| #endif
| #ifdef HAVE_UNISTD_H
| # include <unistd.h>
| #endif
| int
| main (void)
| {
| if (sizeof ((uintptr_t)))
| 	    return 0;
|   ;
|   return 0;
| }
configure:14345: result: yes
configure:14390: checking for UINT64_C
configure:14407: wllvm -c -g -O0 -DNO_ASM  conftest.c >&5
configure:14407: $? = 0
configure:14415: result: yes
configure:14422: checking size of uint64_t
configure:14428: wllvm -o conftest -g -O0 -DNO_ASM   conftest.c  >&5
configure:14428: $? = 0
configure:14428: ./conftest
configure:14428: $? = 0
configure:14443: result: 8
configure:14501: checking which symmetric ciphers to include
configure:14519: result: arcfour blowfish cast5 des aes twofish serpent rfc2268 seed camellia idea salsa20 gost28147 chacha20 sm4
configure:14536: checking which public-key ciphers to include
configure:14554: result: dsa elgamal rsa ecc
configure:14571: checking which message digests to include
configure:14589: result: crc gostr3411-94  md4 md5 rmd160 sha1 sha256 sha512 sha3 tiger whirlpool stribog blake2 sm3
configure:14606: checking which key derivation functions to include
configure:14624: result: s2k pkdf2 scrypt
configure:14637: checking which random module to use
configure:14655: result: default
configure:14659: checking whether use of /dev/random is requested
configure:14669: result: yes
configure:14687: checking whether the experimental random daemon is requested
configure:14697: result: no
configure:14710: checking whether MPI and cipher assembler modules are requested
configure:14720: result: no
configure:14729: checking whether memory guard is requested
configure:14739: result: no
configure:14748: checking whether to run large data tests
configure:14758: result: no
configure:14764: checking whether 'soft' HW feature bits are forced on
configure:14774: result: no
configure:14780: checking whether use of capabilities is requested
configure:14791: result: no
configure:14795: checking whether a HMAC binary check is requested
configure:14805: result: no
configure:15046: checking whether jitter entropy support is requested
configure:15056: result: yes
configure:15060: checking whether padlock support is requested
configure:15070: result: yes
configure:15074: checking whether AESNI support is requested
configure:15084: result: yes
configure:15088: checking whether SHAEXT support is requested
configure:15098: result: yes
configure:15102: checking whether PCLMUL support is requested
configure:15112: result: yes
configure:15116: checking whether SSE4.1 support is requested
configure:15126: result: yes
configure:15130: checking whether DRNG support is requested
configure:15140: result: yes
configure:15144: checking whether AVX support is requested
configure:15154: result: yes
configure:15158: checking whether AVX2 support is requested
configure:15168: result: yes
configure:15172: checking whether NEON support is requested
configure:15182: result: yes
configure:15186: checking whether ARMv8 Crypto Extension support is requested
configure:15196: result: yes
configure:15200: checking whether PPC crypto support is requested
configure:15210: result: yes
configure:15214: checking whether a -O flag munging is requested
configure:15224: result: yes
configure:15236: checking whether a instrumentation (-fprofile, -fsanitize) munging is requested
configure:15246: result: yes
configure:15258: checking whether to enable AMD64 as(1) feature detection
configure:15268: result: yes
configure:15359: checking for gpg-error-config
configure:15382: found /usr/bin/gpg-error-config
configure:15395: result: /usr/bin/gpg-error-config
configure:15408: checking for gpgrt-config
configure:15432: found /usr/bin/gpgrt-config
configure:15445: result: /usr/bin/gpgrt-config
configure:15519: Use gpgrt-config with /usr/lib/x86_64-linux-gnu as gpg-error-config
configure:15548: checking for GPG Error - version >= 1.27
configure:15562: result: yes (1.43)
configure:15796: checking for pthread_create in -lpthread
configure:15819: wllvm -o conftest -g -O0 -DNO_ASM   conftest.c -lpthread   >&5
configure:15819: $? = 0
configure:15829: result: yes
configure:15846: checking for library containing setsockopt
configure:15876: wllvm -o conftest -g -O0 -DNO_ASM   conftest.c  >&5
configure:15876: $? = 0
configure:15896: result: none required
configure:15965: checking for library containing setsockopt
configure:16015: result: none required
configure:16029: checking for unistd.h
configure:16029: result: yes
configure:16035: checking for sys/auxv.h
configure:16035: wllvm -c -g -O0 -DNO_ASM  conftest.c >&5
configure:16035: $? = 0
configure:16035: result: yes
configure:16041: checking for sys/random.h
configure:16041: wllvm -c -g -O0 -DNO_ASM  conftest.c >&5
configure:16041: $? = 0
configure:16041: result: yes
configure:16055: checking for an ANSI C-conforming const
configure:16122: wllvm -c -g -O0 -DNO_ASM  conftest.c >&5
configure:16122: $? = 0
configure:16130: result: yes
configure:16138: checking for inline
configure:16155: wllvm -c -g -O0 -DNO_ASM  conftest.c >&5
configure:16155: $? = 0
configure:16164: result: inline
configure:16182: checking for size_t
configure:16182: wllvm -c -g -O0 -DNO_ASM  conftest.c >&5
configure:16182: $? = 0
configure:16182: wllvm -c -g -O0 -DNO_ASM  conftest.c >&5
conftest.c:90:21: error: expected expression
if (sizeof ((size_t)))
                    ^
1 error generated.
ERROR:Failed to compile using given arguments: [-c -g -O0 -DNO_ASM conftest.c]
configure:16182: $? = 1
configure: failed program was:
| /* confdefs.h */
| #define PACKAGE_NAME "libgcrypt"
| #define PACKAGE_TARNAME "libgcrypt"
| #define PACKAGE_VERSION "1.10.1-unknown"
| #define PACKAGE_STRING "libgcrypt 1.10.1-unknown"
| #define PACKAGE_BUGREPORT "https://bugs.gnupg.org"
| #define PACKAGE_URL ""
| #define PACKAGE "libgcrypt"
| #define VERSION "1.10.1-unknown"
| #define HAVE_STDIO_H 1
| #define HAVE_STDLIB_H 1
| #define HAVE_STRING_H 1
| #define HAVE_INTTYPES_H 1
| #define HAVE_STDINT_H 1
| #define HAVE_STRINGS_H 1
| #define HAVE_SYS_STAT_H 1
| #define HAVE_SYS_TYPES_H 1
| #define HAVE_UNISTD_H 1
| #define HAVE_WCHAR_H 1
| #define HAVE_SYS_SOCKET_H 1
| #define STDC_HEADERS 1
| #define _ALL_SOURCE 1
| #define _DARWIN_C_SOURCE 1
| #define _GNU_SOURCE 1
| #define _HPUX_ALT_XOPEN_SOCKET_API 1
| #define _NETBSD_SOURCE 1
| #define _OPENBSD_SOURCE 1
| #define _POSIX_PTHREAD_SEMANTICS 1
| #define __STDC_WANT_IEC_60559_ATTRIBS_EXT__ 1
| #define __STDC_WANT_IEC_60559_BFP_EXT__ 1
| #define __STDC_WANT_IEC_60559_DFP_EXT__ 1
| #define __STDC_WANT_IEC_60559_FUNCS_EXT__ 1
| #define __STDC_WANT_IEC_60559_TYPES_EXT__ 1
| #define __STDC_WANT_LIB_EXT2__ 1
| #define __STDC_WANT_MATH_SPEC_FUNCS__ 1
| #define _TANDEM_SOURCE 1
| #define __EXTENSIONS__ 1
| #define HAVE_DLFCN_H 1
| #define LT_OBJDIR ".libs/"
| #define SIZEOF_UNSIGNED_SHORT 2
| #define SIZEOF_UNSIGNED_INT 4
| #define SIZEOF_UNSIGNED_LONG 8
| #define SIZEOF_UNSIGNED_LONG_LONG 8
| #define SIZEOF_VOID_P 8
| #define HAVE_UINTPTR_T 1
| #define SIZEOF_UINT64_T 8
| #define EGD_SOCKET_NAME ""
| #define ASM_DISABLED 1
| #define FIPS_MODULE_VERSION ""
| #define PRINTABLE_OS_NAME "GNU/Linux"
| #define NAME_OF_DEV_RANDOM "/dev/random"
| #define NAME_OF_DEV_URANDOM "/dev/urandom"
| #define GPG_ERR_SOURCE_DEFAULT GPG_ERR_SOURCE_GCRYPT
| #define HAVE_PTHREAD 1 
| #define HAVE_UNISTD_H 1
| #define HAVE_SYS_AUXV_H 1
| #define HAVE_SYS_RANDOM_H 1
| /* end confdefs.h.  */
| #include <stddef.h>
| #ifdef HAVE_STDIO_H
| # include <stdio.h>
| #endif
| #ifdef HAVE_STDLIB_H
| # include <stdlib.h>
| #endif
| #ifdef HAVE_STRING_H
| # include <string.h>
| #endif
| #ifdef HAVE_INTTYPES_H
| # include <inttypes.h>
| #endif
| #ifdef HAVE_STDINT_H
| # include <stdint.h>
| #endif
| #ifdef HAVE_STRINGS_H
| # include <strings.h>
| #endif
| #ifdef HAVE_SYS_TYPES_H
| # include <sys/types.h>
| #endif
| #ifdef HAVE_SYS_STAT_H
| # include <sys/stat.h>
| #endif
| #ifdef HAVE_UNISTD_H
| # include <unistd.h>
| #endif
| int
| main (void)
| {
| if (sizeof ((size_t)))
| 	    return 0;
|   ;
|   return 0;
| }
configure:16182: result: yes
configure:16193: checking for pid_t
configure:16193: wllvm -c -g -O0 -DNO_ASM  conftest.c >&5
configure:16193: $? = 0
configure:16193: wllvm -c -g -O0 -DNO_ASM  conftest.c >&5
conftest.c:91:20: error: expected expression
if (sizeof ((pid_t)))
                   ^
1 error generated.
ERROR:Failed to compile using given arguments: [-c -g -O0 -DNO_ASM conftest.c]
configure:16193: $? = 1
configure: failed program was:
| /* confdefs.h */
| #define PACKAGE_NAME "libgcrypt"
| #define PACKAGE_TARNAME "libgcrypt"
| #define PACKAGE_VERSION "1.10.1-unknown"
| #define PACKAGE_STRING "libgcrypt 1.10.1-unknown"
| #define PACKAGE_BUGREPORT "https://bugs.gnupg.org"
| #define PACKAGE_URL ""
| #define PACKAGE "libgcrypt"
| #define VERSION "1.10.1-unknown"
| #define HAVE_STDIO_H 1
| #define HAVE_STDLIB_H 1
| #define HAVE_STRING_H 1
| #define HAVE_INTTYPES_H 1
| #define HAVE_STDINT_H 1
| #define HAVE_STRINGS_H 1
| #define HAVE_SYS_STAT_H 1
| #define HAVE_SYS_TYPES_H 1
| #define HAVE_UNISTD_H 1
| #define HAVE_WCHAR_H 1
| #define HAVE_SYS_SOCKET_H 1
| #define STDC_HEADERS 1
| #define _ALL_SOURCE 1
| #define _DARWIN_C_SOURCE 1
| #define _GNU_SOURCE 1
| #define _HPUX_ALT_XOPEN_SOCKET_API 1
| #define _NETBSD_SOURCE 1
| #define _OPENBSD_SOURCE 1
| #define _POSIX_PTHREAD_SEMANTICS 1
| #define __STDC_WANT_IEC_60559_ATTRIBS_EXT__ 1
| #define __STDC_WANT_IEC_60559_BFP_EXT__ 1
| #define __STDC_WANT_IEC_60559_DFP_EXT__ 1
| #define __STDC_WANT_IEC_60559_FUNCS_EXT__ 1
| #define __STDC_WANT_IEC_60559_TYPES_EXT__ 1
| #define __STDC_WANT_LIB_EXT2__ 1
| #define __STDC_WANT_MATH_SPEC_FUNCS__ 1
| #define _TANDEM_SOURCE 1
| #define __EXTENSIONS__ 1
| #define HAVE_DLFCN_H 1
| #define LT_OBJDIR ".libs/"
| #define SIZEOF_UNSIGNED_SHORT 2
| #define SIZEOF_UNSIGNED_INT 4
| #define SIZEOF_UNSIGNED_LONG 8
| #define SIZEOF_UNSIGNED_LONG_LONG 8
| #define SIZEOF_VOID_P 8
| #define HAVE_UINTPTR_T 1
| #define SIZEOF_UINT64_T 8
| #define EGD_SOCKET_NAME ""
| #define ASM_DISABLED 1
| #define FIPS_MODULE_VERSION ""
| #define PRINTABLE_OS_NAME "GNU/Linux"
| #define NAME_OF_DEV_RANDOM "/dev/random"
| #define NAME_OF_DEV_URANDOM "/dev/urandom"
| #define GPG_ERR_SOURCE_DEFAULT GPG_ERR_SOURCE_GCRYPT
| #define HAVE_PTHREAD 1 
| #define HAVE_UNISTD_H 1
| #define HAVE_SYS_AUXV_H 1
| #define HAVE_SYS_RANDOM_H 1
| /* end confdefs.h.  */
| #include <stddef.h>
| #ifdef HAVE_STDIO_H
| # include <stdio.h>
| #endif
| #ifdef HAVE_STDLIB_H
| # include <stdlib.h>
| #endif
| #ifdef HAVE_STRING_H
| # include <string.h>
| #endif
| #ifdef HAVE_INTTYPES_H
| # include <inttypes.h>
| #endif
| #ifdef HAVE_STDINT_H
| # include <stdint.h>
| #endif
| #ifdef HAVE_STRINGS_H
| # include <strings.h>
| #endif
| #ifdef HAVE_SYS_TYPES_H
| # include <sys/types.h>
| #endif
| #ifdef HAVE_SYS_STAT_H
| # include <sys/stat.h>
| #endif
| #ifdef HAVE_UNISTD_H
| # include <unistd.h>
| #endif
| 
| int
| main (void)
| {
| if (sizeof ((pid_t)))
| 	    return 0;
|   ;
|   return 0;
| }
configure:16193: result: yes
configure:16230: checking for byte
configure:16230: wllvm -c -g -O0 -DNO_ASM  conftest.c >&5
conftest.c:90:13: error: use of undeclared identifier 'byte'
if (sizeof (byte))
            ^
1 error generated.
ERROR:Failed to compile using given arguments: [-c -g -O0 -DNO_ASM conftest.c]
configure:16230: $? = 1
configure: failed program was:
| /* confdefs.h */
| #define PACKAGE_NAME "libgcrypt"
| #define PACKAGE_TARNAME "libgcrypt"
| #define PACKAGE_VERSION "1.10.1-unknown"
| #define PACKAGE_STRING "libgcrypt 1.10.1-unknown"
| #define PACKAGE_BUGREPORT "https://bugs.gnupg.org"
| #define PACKAGE_URL ""
| #define PACKAGE "libgcrypt"
| #define VERSION "1.10.1-unknown"
| #define HAVE_STDIO_H 1
| #define HAVE_STDLIB_H 1
| #define HAVE_STRING_H 1
| #define HAVE_INTTYPES_H 1
| #define HAVE_STDINT_H 1
| #define HAVE_STRINGS_H 1
| #define HAVE_SYS_STAT_H 1
| #define HAVE_SYS_TYPES_H 1
| #define HAVE_UNISTD_H 1
| #define HAVE_WCHAR_H 1
| #define HAVE_SYS_SOCKET_H 1
| #define STDC_HEADERS 1
| #define _ALL_SOURCE 1
| #define _DARWIN_C_SOURCE 1
| #define _GNU_SOURCE 1
| #define _HPUX_ALT_XOPEN_SOCKET_API 1
| #define _NETBSD_SOURCE 1
| #define _OPENBSD_SOURCE 1
| #define _POSIX_PTHREAD_SEMANTICS 1
| #define __STDC_WANT_IEC_60559_ATTRIBS_EXT__ 1
| #define __STDC_WANT_IEC_60559_BFP_EXT__ 1
| #define __STDC_WANT_IEC_60559_DFP_EXT__ 1
| #define __STDC_WANT_IEC_60559_FUNCS_EXT__ 1
| #define __STDC_WANT_IEC_60559_TYPES_EXT__ 1
| #define __STDC_WANT_LIB_EXT2__ 1
| #define __STDC_WANT_MATH_SPEC_FUNCS__ 1
| #define _TANDEM_SOURCE 1
| #define __EXTENSIONS__ 1
| #define HAVE_DLFCN_H 1
| #define LT_OBJDIR ".libs/"
| #define SIZEOF_UNSIGNED_SHORT 2
| #define SIZEOF_UNSIGNED_INT 4
| #define SIZEOF_UNSIGNED_LONG 8
| #define SIZEOF_UNSIGNED_LONG_LONG 8
| #define SIZEOF_VOID_P 8
| #define HAVE_UINTPTR_T 1
| #define SIZEOF_UINT64_T 8
| #define EGD_SOCKET_NAME ""
| #define ASM_DISABLED 1
| #define FIPS_MODULE_VERSION ""
| #define PRINTABLE_OS_NAME "GNU/Linux"
| #define NAME_OF_DEV_RANDOM "/dev/random"
| #define NAME_OF_DEV_URANDOM "/dev/urandom"
| #define GPG_ERR_SOURCE_DEFAULT GPG_ERR_SOURCE_GCRYPT
| #define HAVE_PTHREAD 1 
| #define HAVE_UNISTD_H 1
| #define HAVE_SYS_AUXV_H 1
| #define HAVE_SYS_RANDOM_H 1
| /* end confdefs.h.  */
| #include <stddef.h>
| #ifdef HAVE_STDIO_H
| # include <stdio.h>
| #endif
| #ifdef HAVE_STDLIB_H
| # include <stdlib.h>
| #endif
| #ifdef HAVE_STRING_H
| # include <string.h>
| #endif
| #ifdef HAVE_INTTYPES_H
| # include <inttypes.h>
| #endif
| #ifdef HAVE_STDINT_H
| # include <stdint.h>
| #endif
| #ifdef HAVE_STRINGS_H
| # include <strings.h>
| #endif
| #ifdef HAVE_SYS_TYPES_H
| # include <sys/types.h>
| #endif
| #ifdef HAVE_SYS_STAT_H
| # include <sys/stat.h>
| #endif
| #ifdef HAVE_UNISTD_H
| # include <unistd.h>
| #endif
| int
| main (void)
| {
| if (sizeof (byte))
| 	 return 0;
|   ;
|   return 0;
| }
configure:16230: result: no
configure:16238: checking for ushort
configure:16238: wllvm -c -g -O0 -DNO_ASM  conftest.c >&5
configure:16238: $? = 0
configure:16238: wllvm -c -g -O0 -DNO_ASM  conftest.c >&5
conftest.c:90:21: error: expected expression
if (sizeof ((ushort)))
                    ^
1 error generated.
ERROR:Failed to compile using given arguments: [-c -g -O0 -DNO_ASM conftest.c]
configure:16238: $? = 1
configure: failed program was:
| /* confdefs.h */
| #define PACKAGE_NAME "libgcrypt"
| #define PACKAGE_TARNAME "libgcrypt"
| #define PACKAGE_VERSION "1.10.1-unknown"
| #define PACKAGE_STRING "libgcrypt 1.10.1-unknown"
| #define PACKAGE_BUGREPORT "https://bugs.gnupg.org"
| #define PACKAGE_URL ""
| #define PACKAGE "libgcrypt"
| #define VERSION "1.10.1-unknown"
| #define HAVE_STDIO_H 1
| #define HAVE_STDLIB_H 1
| #define HAVE_STRING_H 1
| #define HAVE_INTTYPES_H 1
| #define HAVE_STDINT_H 1
| #define HAVE_STRINGS_H 1
| #define HAVE_SYS_STAT_H 1
| #define HAVE_SYS_TYPES_H 1
| #define HAVE_UNISTD_H 1
| #define HAVE_WCHAR_H 1
| #define HAVE_SYS_SOCKET_H 1
| #define STDC_HEADERS 1
| #define _ALL_SOURCE 1
| #define _DARWIN_C_SOURCE 1
| #define _GNU_SOURCE 1
| #define _HPUX_ALT_XOPEN_SOCKET_API 1
| #define _NETBSD_SOURCE 1
| #define _OPENBSD_SOURCE 1
| #define _POSIX_PTHREAD_SEMANTICS 1
| #define __STDC_WANT_IEC_60559_ATTRIBS_EXT__ 1
| #define __STDC_WANT_IEC_60559_BFP_EXT__ 1
| #define __STDC_WANT_IEC_60559_DFP_EXT__ 1
| #define __STDC_WANT_IEC_60559_FUNCS_EXT__ 1
| #define __STDC_WANT_IEC_60559_TYPES_EXT__ 1
| #define __STDC_WANT_LIB_EXT2__ 1
| #define __STDC_WANT_MATH_SPEC_FUNCS__ 1
| #define _TANDEM_SOURCE 1
| #define __EXTENSIONS__ 1
| #define HAVE_DLFCN_H 1
| #define LT_OBJDIR ".libs/"
| #define SIZEOF_UNSIGNED_SHORT 2
| #define SIZEOF_UNSIGNED_INT 4
| #define SIZEOF_UNSIGNED_LONG 8
| #define SIZEOF_UNSIGNED_LONG_LONG 8
| #define SIZEOF_VOID_P 8
| #define HAVE_UINTPTR_T 1
| #define SIZEOF_UINT64_T 8
| #define EGD_SOCKET_NAME ""
| #define ASM_DISABLED 1
| #define FIPS_MODULE_VERSION ""
| #define PRINTABLE_OS_NAME "GNU/Linux"
| #define NAME_OF_DEV_RANDOM "/dev/random"
| #define NAME_OF_DEV_URANDOM "/dev/urandom"
| #define GPG_ERR_SOURCE_DEFAULT GPG_ERR_SOURCE_GCRYPT
| #define HAVE_PTHREAD 1 
| #define HAVE_UNISTD_H 1
| #define HAVE_SYS_AUXV_H 1
| #define HAVE_SYS_RANDOM_H 1
| /* end confdefs.h.  */
| #include <stddef.h>
| #ifdef HAVE_STDIO_H
| # include <stdio.h>
| #endif
| #ifdef HAVE_STDLIB_H
| # include <stdlib.h>
| #endif
| #ifdef HAVE_STRING_H
| # include <string.h>
| #endif
| #ifdef HAVE_INTTYPES_H
| # include <inttypes.h>
| #endif
| #ifdef HAVE_STDINT_H
| # include <stdint.h>
| #endif
| #ifdef HAVE_STRINGS_H
| # include <strings.h>
| #endif
| #ifdef HAVE_SYS_TYPES_H
| # include <sys/types.h>
| #endif
| #ifdef HAVE_SYS_STAT_H
| # include <sys/stat.h>
| #endif
| #ifdef HAVE_UNISTD_H
| # include <unistd.h>
| #endif
| int
| main (void)
| {
| if (sizeof ((ushort)))
| 	    return 0;
|   ;
|   return 0;
| }
configure:16238: result: yes
configure:16246: checking for u16
configure:16246: wllvm -c -g -O0 -DNO_ASM  conftest.c >&5
conftest.c:91:13: error: use of undeclared identifier 'u16'
if (sizeof (u16))
            ^
1 error generated.
ERROR:Failed to compile using given arguments: [-c -g -O0 -DNO_ASM conftest.c]
configure:16246: $? = 1
configure: failed program was:
| /* confdefs.h */
| #define PACKAGE_NAME "libgcrypt"
| #define PACKAGE_TARNAME "libgcrypt"
| #define PACKAGE_VERSION "1.10.1-unknown"
| #define PACKAGE_STRING "libgcrypt 1.10.1-unknown"
| #define PACKAGE_BUGREPORT "https://bugs.gnupg.org"
| #define PACKAGE_URL ""
| #define PACKAGE "libgcrypt"
| #define VERSION "1.10.1-unknown"
| #define HAVE_STDIO_H 1
| #define HAVE_STDLIB_H 1
| #define HAVE_STRING_H 1
| #define HAVE_INTTYPES_H 1
| #define HAVE_STDINT_H 1
| #define HAVE_STRINGS_H 1
| #define HAVE_SYS_STAT_H 1
| #define HAVE_SYS_TYPES_H 1
| #define HAVE_UNISTD_H 1
| #define HAVE_WCHAR_H 1
| #define HAVE_SYS_SOCKET_H 1
| #define STDC_HEADERS 1
| #define _ALL_SOURCE 1
| #define _DARWIN_C_SOURCE 1
| #define _GNU_SOURCE 1
| #define _HPUX_ALT_XOPEN_SOCKET_API 1
| #define _NETBSD_SOURCE 1
| #define _OPENBSD_SOURCE 1
| #define _POSIX_PTHREAD_SEMANTICS 1
| #define __STDC_WANT_IEC_60559_ATTRIBS_EXT__ 1
| #define __STDC_WANT_IEC_60559_BFP_EXT__ 1
| #define __STDC_WANT_IEC_60559_DFP_EXT__ 1
| #define __STDC_WANT_IEC_60559_FUNCS_EXT__ 1
| #define __STDC_WANT_IEC_60559_TYPES_EXT__ 1
| #define __STDC_WANT_LIB_EXT2__ 1
| #define __STDC_WANT_MATH_SPEC_FUNCS__ 1
| #define _TANDEM_SOURCE 1
| #define __EXTENSIONS__ 1
| #define HAVE_DLFCN_H 1
| #define LT_OBJDIR ".libs/"
| #define SIZEOF_UNSIGNED_SHORT 2
| #define SIZEOF_UNSIGNED_INT 4
| #define SIZEOF_UNSIGNED_LONG 8
| #define SIZEOF_UNSIGNED_LONG_LONG 8
| #define SIZEOF_VOID_P 8
| #define HAVE_UINTPTR_T 1
| #define SIZEOF_UINT64_T 8
| #define EGD_SOCKET_NAME ""
| #define ASM_DISABLED 1
| #define FIPS_MODULE_VERSION ""
| #define PRINTABLE_OS_NAME "GNU/Linux"
| #define NAME_OF_DEV_RANDOM "/dev/random"
| #define NAME_OF_DEV_URANDOM "/dev/urandom"
| #define GPG_ERR_SOURCE_DEFAULT GPG_ERR_SOURCE_GCRYPT
| #define HAVE_PTHREAD 1 
| #define HAVE_UNISTD_H 1
| #define HAVE_SYS_AUXV_H 1
| #define HAVE_SYS_RANDOM_H 1
| #define HAVE_USHORT 1
| /* end confdefs.h.  */
| #include <stddef.h>
| #ifdef HAVE_STDIO_H
| # include <stdio.h>
| #endif
| #ifdef HAVE_STDLIB_H
| # include <stdlib.h>
| #endif
| #ifdef HAVE_STRING_H
| # include <string.h>
| #endif
| #ifdef HAVE_INTTYPES_H
| # include <inttypes.h>
| #endif
| #ifdef HAVE_STDINT_H
| # include <stdint.h>
| #endif
| #ifdef HAVE_STRINGS_H
| # include <strings.h>
| #endif
| #ifdef HAVE_SYS_TYPES_H
| # include <sys/types.h>
| #endif
| #ifdef HAVE_SYS_STAT_H
| # include <sys/stat.h>
| #endif
| #ifdef HAVE_UNISTD_H
| # include <unistd.h>
| #endif
| int
| main (void)
| {
| if (sizeof (u16))
| 	 return 0;
|   ;
|   return 0;
| }
configure:16246: result: no
configure:16254: checking for u32
configure:16254: wllvm -c -g -O0 -DNO_ASM  conftest.c >&5
conftest.c:91:13: error: use of undeclared identifier 'u32'
if (sizeof (u32))
            ^
1 error generated.
ERROR:Failed to compile using given arguments: [-c -g -O0 -DNO_ASM conftest.c]
configure:16254: $? = 1
configure: failed program was:
| /* confdefs.h */
| #define PACKAGE_NAME "libgcrypt"
| #define PACKAGE_TARNAME "libgcrypt"
| #define PACKAGE_VERSION "1.10.1-unknown"
| #define PACKAGE_STRING "libgcrypt 1.10.1-unknown"
| #define PACKAGE_BUGREPORT "https://bugs.gnupg.org"
| #define PACKAGE_URL ""
| #define PACKAGE "libgcrypt"
| #define VERSION "1.10.1-unknown"
| #define HAVE_STDIO_H 1
| #define HAVE_STDLIB_H 1
| #define HAVE_STRING_H 1
| #define HAVE_INTTYPES_H 1
| #define HAVE_STDINT_H 1
| #define HAVE_STRINGS_H 1
| #define HAVE_SYS_STAT_H 1
| #define HAVE_SYS_TYPES_H 1
| #define HAVE_UNISTD_H 1
| #define HAVE_WCHAR_H 1
| #define HAVE_SYS_SOCKET_H 1
| #define STDC_HEADERS 1
| #define _ALL_SOURCE 1
| #define _DARWIN_C_SOURCE 1
| #define _GNU_SOURCE 1
| #define _HPUX_ALT_XOPEN_SOCKET_API 1
| #define _NETBSD_SOURCE 1
| #define _OPENBSD_SOURCE 1
| #define _POSIX_PTHREAD_SEMANTICS 1
| #define __STDC_WANT_IEC_60559_ATTRIBS_EXT__ 1
| #define __STDC_WANT_IEC_60559_BFP_EXT__ 1
| #define __STDC_WANT_IEC_60559_DFP_EXT__ 1
| #define __STDC_WANT_IEC_60559_FUNCS_EXT__ 1
| #define __STDC_WANT_IEC_60559_TYPES_EXT__ 1
| #define __STDC_WANT_LIB_EXT2__ 1
| #define __STDC_WANT_MATH_SPEC_FUNCS__ 1
| #define _TANDEM_SOURCE 1
| #define __EXTENSIONS__ 1
| #define HAVE_DLFCN_H 1
| #define LT_OBJDIR ".libs/"
| #define SIZEOF_UNSIGNED_SHORT 2
| #define SIZEOF_UNSIGNED_INT 4
| #define SIZEOF_UNSIGNED_LONG 8
| #define SIZEOF_UNSIGNED_LONG_LONG 8
| #define SIZEOF_VOID_P 8
| #define HAVE_UINTPTR_T 1
| #define SIZEOF_UINT64_T 8
| #define EGD_SOCKET_NAME ""
| #define ASM_DISABLED 1
| #define FIPS_MODULE_VERSION ""
| #define PRINTABLE_OS_NAME "GNU/Linux"
| #define NAME_OF_DEV_RANDOM "/dev/random"
| #define NAME_OF_DEV_URANDOM "/dev/urandom"
| #define GPG_ERR_SOURCE_DEFAULT GPG_ERR_SOURCE_GCRYPT
| #define HAVE_PTHREAD 1 
| #define HAVE_UNISTD_H 1
| #define HAVE_SYS_AUXV_H 1
| #define HAVE_SYS_RANDOM_H 1
| #define HAVE_USHORT 1
| /* end confdefs.h.  */
| #include <stddef.h>
| #ifdef HAVE_STDIO_H
| # include <stdio.h>
| #endif
| #ifdef HAVE_STDLIB_H
| # include <stdlib.h>
| #endif
| #ifdef HAVE_STRING_H
| # include <string.h>
| #endif
| #ifdef HAVE_INTTYPES_H
| # include <inttypes.h>
| #endif
| #ifdef HAVE_STDINT_H
| # include <stdint.h>
| #endif
| #ifdef HAVE_STRINGS_H
| # include <strings.h>
| #endif
| #ifdef HAVE_SYS_TYPES_H
| # include <sys/types.h>
| #endif
| #ifdef HAVE_SYS_STAT_H
| # include <sys/stat.h>
| #endif
| #ifdef HAVE_UNISTD_H
| # include <unistd.h>
| #endif
| int
| main (void)
| {
| if (sizeof (u32))
| 	 return 0;
|   ;
|   return 0;
| }
configure:16254: result: no
configure:16262: checking for u64
configure:16262: wllvm -c -g -O0 -DNO_ASM  conftest.c >&5
conftest.c:91:13: error: use of undeclared identifier 'u64'
if (sizeof (u64))
            ^
1 error generated.
ERROR:Failed to compile using given arguments: [-c -g -O0 -DNO_ASM conftest.c]
configure:16262: $? = 1
configure: failed program was:
| /* confdefs.h */
| #define PACKAGE_NAME "libgcrypt"
| #define PACKAGE_TARNAME "libgcrypt"
| #define PACKAGE_VERSION "1.10.1-unknown"
| #define PACKAGE_STRING "libgcrypt 1.10.1-unknown"
| #define PACKAGE_BUGREPORT "https://bugs.gnupg.org"
| #define PACKAGE_URL ""
| #define PACKAGE "libgcrypt"
| #define VERSION "1.10.1-unknown"
| #define HAVE_STDIO_H 1
| #define HAVE_STDLIB_H 1
| #define HAVE_STRING_H 1
| #define HAVE_INTTYPES_H 1
| #define HAVE_STDINT_H 1
| #define HAVE_STRINGS_H 1
| #define HAVE_SYS_STAT_H 1
| #define HAVE_SYS_TYPES_H 1
| #define HAVE_UNISTD_H 1
| #define HAVE_WCHAR_H 1
| #define HAVE_SYS_SOCKET_H 1
| #define STDC_HEADERS 1
| #define _ALL_SOURCE 1
| #define _DARWIN_C_SOURCE 1
| #define _GNU_SOURCE 1
| #define _HPUX_ALT_XOPEN_SOCKET_API 1
| #define _NETBSD_SOURCE 1
| #define _OPENBSD_SOURCE 1
| #define _POSIX_PTHREAD_SEMANTICS 1
| #define __STDC_WANT_IEC_60559_ATTRIBS_EXT__ 1
| #define __STDC_WANT_IEC_60559_BFP_EXT__ 1
| #define __STDC_WANT_IEC_60559_DFP_EXT__ 1
| #define __STDC_WANT_IEC_60559_FUNCS_EXT__ 1
| #define __STDC_WANT_IEC_60559_TYPES_EXT__ 1
| #define __STDC_WANT_LIB_EXT2__ 1
| #define __STDC_WANT_MATH_SPEC_FUNCS__ 1
| #define _TANDEM_SOURCE 1
| #define __EXTENSIONS__ 1
| #define HAVE_DLFCN_H 1
| #define LT_OBJDIR ".libs/"
| #define SIZEOF_UNSIGNED_SHORT 2
| #define SIZEOF_UNSIGNED_INT 4
| #define SIZEOF_UNSIGNED_LONG 8
| #define SIZEOF_UNSIGNED_LONG_LONG 8
| #define SIZEOF_VOID_P 8
| #define HAVE_UINTPTR_T 1
| #define SIZEOF_UINT64_T 8
| #define EGD_SOCKET_NAME ""
| #define ASM_DISABLED 1
| #define FIPS_MODULE_VERSION ""
| #define PRINTABLE_OS_NAME "GNU/Linux"
| #define NAME_OF_DEV_RANDOM "/dev/random"
| #define NAME_OF_DEV_URANDOM "/dev/urandom"
| #define GPG_ERR_SOURCE_DEFAULT GPG_ERR_SOURCE_GCRYPT
| #define HAVE_PTHREAD 1 
| #define HAVE_UNISTD_H 1
| #define HAVE_SYS_AUXV_H 1
| #define HAVE_SYS_RANDOM_H 1
| #define HAVE_USHORT 1
| /* end confdefs.h.  */
| #include <stddef.h>
| #ifdef HAVE_STDIO_H
| # include <stdio.h>
| #endif
| #ifdef HAVE_STDLIB_H
| # include <stdlib.h>
| #endif
| #ifdef HAVE_STRING_H
| # include <string.h>
| #endif
| #ifdef HAVE_INTTYPES_H
| # include <inttypes.h>
| #endif
| #ifdef HAVE_STDINT_H
| # include <stdint.h>
| #endif
| #ifdef HAVE_STRINGS_H
| # include <strings.h>
| #endif
| #ifdef HAVE_SYS_TYPES_H
| # include <sys/types.h>
| #endif
| #ifdef HAVE_SYS_STAT_H
| # include <sys/stat.h>
| #endif
| #ifdef HAVE_UNISTD_H
| # include <unistd.h>
| #endif
| int
| main (void)
| {
| if (sizeof (u64))
| 	 return 0;
|   ;
|   return 0;
| }
configure:16262: result: no
configure:16284: checking for socklen_t
configure:16284: wllvm -c -g -O0 -DNO_ASM  conftest.c >&5
configure:16284: $? = 0
configure:16284: wllvm -c -g -O0 -DNO_ASM  conftest.c >&5
conftest.c:75:24: error: expected expression
if (sizeof ((socklen_t)))
                       ^
1 error generated.
ERROR:Failed to compile using given arguments: [-c -g -O0 -DNO_ASM conftest.c]
configure:16284: $? = 1
configure: failed program was:
| /* confdefs.h */
| #define PACKAGE_NAME "libgcrypt"
| #define PACKAGE_TARNAME "libgcrypt"
| #define PACKAGE_VERSION "1.10.1-unknown"
| #define PACKAGE_STRING "libgcrypt 1.10.1-unknown"
| #define PACKAGE_BUGREPORT "https://bugs.gnupg.org"
| #define PACKAGE_URL ""
| #define PACKAGE "libgcrypt"
| #define VERSION "1.10.1-unknown"
| #define HAVE_STDIO_H 1
| #define HAVE_STDLIB_H 1
| #define HAVE_STRING_H 1
| #define HAVE_INTTYPES_H 1
| #define HAVE_STDINT_H 1
| #define HAVE_STRINGS_H 1
| #define HAVE_SYS_STAT_H 1
| #define HAVE_SYS_TYPES_H 1
| #define HAVE_UNISTD_H 1
| #define HAVE_WCHAR_H 1
| #define HAVE_SYS_SOCKET_H 1
| #define STDC_HEADERS 1
| #define _ALL_SOURCE 1
| #define _DARWIN_C_SOURCE 1
| #define _GNU_SOURCE 1
| #define _HPUX_ALT_XOPEN_SOCKET_API 1
| #define _NETBSD_SOURCE 1
| #define _OPENBSD_SOURCE 1
| #define _POSIX_PTHREAD_SEMANTICS 1
| #define __STDC_WANT_IEC_60559_ATTRIBS_EXT__ 1
| #define __STDC_WANT_IEC_60559_BFP_EXT__ 1
| #define __STDC_WANT_IEC_60559_DFP_EXT__ 1
| #define __STDC_WANT_IEC_60559_FUNCS_EXT__ 1
| #define __STDC_WANT_IEC_60559_TYPES_EXT__ 1
| #define __STDC_WANT_LIB_EXT2__ 1
| #define __STDC_WANT_MATH_SPEC_FUNCS__ 1
| #define _TANDEM_SOURCE 1
| #define __EXTENSIONS__ 1
| #define HAVE_DLFCN_H 1
| #define LT_OBJDIR ".libs/"
| #define SIZEOF_UNSIGNED_SHORT 2
| #define SIZEOF_UNSIGNED_INT 4
| #define SIZEOF_UNSIGNED_LONG 8
| #define SIZEOF_UNSIGNED_LONG_LONG 8
| #define SIZEOF_VOID_P 8
| #define HAVE_UINTPTR_T 1
| #define SIZEOF_UINT64_T 8
| #define EGD_SOCKET_NAME ""
| #define ASM_DISABLED 1
| #define FIPS_MODULE_VERSION ""
| #define PRINTABLE_OS_NAME "GNU/Linux"
| #define NAME_OF_DEV_RANDOM "/dev/random"
| #define NAME_OF_DEV_URANDOM "/dev/urandom"
| #define GPG_ERR_SOURCE_DEFAULT GPG_ERR_SOURCE_GCRYPT
| #define HAVE_PTHREAD 1 
| #define HAVE_UNISTD_H 1
| #define HAVE_SYS_AUXV_H 1
| #define HAVE_SYS_RANDOM_H 1
| #define HAVE_USHORT 1
| /* end confdefs.h.  */
| 
| /* <sys/types.h> is not needed according to POSIX, but the
|    <sys/socket.h> in i386-unknown-freebsd4.10 and
|    powerpc-apple-darwin5.5 required it. */
| #include <sys/types.h>
| #if HAVE_SYS_SOCKET_H
| # include <sys/socket.h>
| #elif HAVE_WS2TCPIP_H
| # include <ws2tcpip.h>
| #endif
| 
| 
| int
| main (void)
| {
| if (sizeof ((socklen_t)))
| 	    return 0;
|   ;
|   return 0;
| }
configure:16284: result: yes
configure:16351: checking for __builtin_bswap32
configure:16369: wllvm -o conftest -g -O0 -DNO_ASM   conftest.c  >&5
configure:16369: $? = 0
configure:16376: result: yes
configure:16388: checking for __builtin_bswap64
configure:16406: wllvm -o conftest -g -O0 -DNO_ASM   conftest.c  >&5
configure:16406: $? = 0
configure:16413: result: yes
configure:16425: checking for __builtin_ctz
configure:16443: wllvm -o conftest -g -O0 -DNO_ASM   conftest.c  >&5
configure:16443: $? = 0
configure:16450: result: yes
configure:16462: checking for __builtin_ctzl
configure:16480: wllvm -o conftest -g -O0 -DNO_ASM   conftest.c  >&5
configure:16480: $? = 0
configure:16487: result: yes
configure:16499: checking for __builtin_clz
configure:16517: wllvm -o conftest -g -O0 -DNO_ASM   conftest.c  >&5
configure:16517: $? = 0
configure:16524: result: yes
configure:16536: checking for __builtin_clzl
configure:16554: wllvm -o conftest -g -O0 -DNO_ASM   conftest.c  >&5
configure:16554: $? = 0
configure:16561: result: yes
configure:16573: checking for __sync_synchronize
configure:16591: wllvm -o conftest -g -O0 -DNO_ASM   conftest.c  >&5
configure:16591: $? = 0
configure:16598: result: yes
configure:16610: checking whether the variable length arrays are supported
configure:16624: wllvm -c -g -O0 -DNO_ASM  conftest.c >&5
configure:16624: $? = 0
configure:16630: result: yes
configure:16642: checking whether the visibility attribute is supported
configure:16666: result: yes
configure:16669: checking for broken visibility attribute
configure:16694: result: no
configure:16698: checking for broken alias attribute
configure:16725: result: no
configure:16729: checking if gcc supports -fvisibility=hidden
configure:16749: wllvm -c -fvisibility=hidden  conftest.c >&5
configure:16749: $? = 0
configure:16757: result: yes
configure:16781: checking whether the GCC style aligned attribute is supported
configure:16792: wllvm -c -g -O0 -DNO_ASM -fvisibility=hidden -Werror  conftest.c >&5
configure:16792: $? = 0
configure:16798: result: yes
configure:16810: checking whether the GCC style packed attribute is supported
configure:16826: wllvm -c -g -O0 -DNO_ASM -fvisibility=hidden -Werror  conftest.c >&5
configure:16826: $? = 0
configure:16832: result: yes
configure:16844: checking whether the GCC style may_alias attribute is supported
configure:16856: wllvm -c -g -O0 -DNO_ASM -fvisibility=hidden -Werror  conftest.c >&5
configure:16856: $? = 0
configure:16862: result: yes
configure:16879: checking whether 'asm' assembler keyword is supported
configure:16890: wllvm -c -g -O0 -DNO_ASM -fvisibility=hidden  conftest.c >&5
configure:16890: $? = 0
configure:16896: result: yes
configure:16898: checking whether '__asm__' assembler keyword is supported
configure:16909: wllvm -c -g -O0 -DNO_ASM -fvisibility=hidden  conftest.c >&5
configure:16909: $? = 0
configure:16915: result: yes
configure:16956: checking whether inline assembly memory barrier is supported
configure:16970: wllvm -c -g -O0 -DNO_ASM -fvisibility=hidden  conftest.c >&5
configure:16970: $? = 0
configure:16976: result: yes
configure:16991: checking whether GCC assembler is compatible for ARM assembly implementations
configure:17032: result: n/a
configure:17046: checking whether GCC assembler is compatible for ARMv8/Aarch64 assembly implementations
configure:17081: result: n/a
configure:17092: checking whether GCC assembler supports for CFI directives
configure:17124: wllvm -o conftest -g -O0 -DNO_ASM -fvisibility=hidden   conftest.c  >&5
configure:17124: $? = 0
configure:17131: result: yes
configure:17143: checking whether GCC assembler supports for ELF directives
configure:17167: wllvm -o conftest -g -O0 -DNO_ASM -fvisibility=hidden   conftest.c  >&5
configure:17167: $? = 0
configure:17174: result: yes
configure:17207: checking for _ prefix in compiled symbols
configure:17218: wllvm -c -g -O0 -DNO_ASM -fvisibility=hidden  conftest.c >&5
conftest.c:2:18: warning: expression result unused [-Wunused-value]
      int main(){nm_test_func;return 0;}
                 ^~~~~~~~~~~~
1 warning generated.
conftest.c:2:18: warning: expression result unused [-Wunused-value]
      int main(){nm_test_func;return 0;}
                 ^~~~~~~~~~~~
1 warning generated.
configure:17221: $? = 0
configure:17225: /usr/bin/nm -B conftest.o \| sed -n -e 's/^.*[	 ]\([ABCDGIRSTW][ABCDGIRSTW]*\)[	 ][	 ]*\([_A-Za-z][_A-Za-z0-9]*\)$/\1 \2 \2/p' | sed '/ __gnu_lto/d' \| cut -d \' \' -f 2 \> conftest.nm
configure:17228: $? = 0
configure: cannot find nm_test_func in conftest.nm
configure:17255: result: no
configure:17279: checking architecture and mpi assembler functions
configure:17286: result: disabled
configure:17480: checking whether compiler supports 'ms_abi' function attribute
configure:17491: wllvm -c -g -O0 -DNO_ASM -fvisibility=hidden -Werror  conftest.c >&5
configure:17491: $? = 0
configure:17497: result: yes
configure:17509: checking whether compiler supports 'sysv_abi' function attribute
configure:17520: wllvm -c -g -O0 -DNO_ASM -fvisibility=hidden -Werror  conftest.c >&5
configure:17520: $? = 0
configure:17526: result: yes
configure:17539: checking whether default calling convention is 'ms_abi'
configure:17556: wllvm -c -g -O0 -DNO_ASM -fvisibility=hidden -Werror  conftest.c >&5
conftest.c:81:29: error: incompatible function pointer types assigning to 'void *((*))(void) __attribute__((ms_abi))' from 'void *(*)(void)' [-Werror,-Wincompatible-function-pointer-types]
                 msabi_func = def_func;
                            ^ ~~~~~~~~
1 error generated.
ERROR:Failed to compile using given arguments: [-c -g -O0 -DNO_ASM -fvisibility=hidden -Werror conftest.c]
configure:17556: $? = 1
configure: failed program was:
| /* confdefs.h */
| #define PACKAGE_NAME "libgcrypt"
| #define PACKAGE_TARNAME "libgcrypt"
| #define PACKAGE_VERSION "1.10.1-unknown"
| #define PACKAGE_STRING "libgcrypt 1.10.1-unknown"
| #define PACKAGE_BUGREPORT "https://bugs.gnupg.org"
| #define PACKAGE_URL ""
| #define PACKAGE "libgcrypt"
| #define VERSION "1.10.1-unknown"
| #define HAVE_STDIO_H 1
| #define HAVE_STDLIB_H 1
| #define HAVE_STRING_H 1
| #define HAVE_INTTYPES_H 1
| #define HAVE_STDINT_H 1
| #define HAVE_STRINGS_H 1
| #define HAVE_SYS_STAT_H 1
| #define HAVE_SYS_TYPES_H 1
| #define HAVE_UNISTD_H 1
| #define HAVE_WCHAR_H 1
| #define HAVE_SYS_SOCKET_H 1
| #define STDC_HEADERS 1
| #define _ALL_SOURCE 1
| #define _DARWIN_C_SOURCE 1
| #define _GNU_SOURCE 1
| #define _HPUX_ALT_XOPEN_SOCKET_API 1
| #define _NETBSD_SOURCE 1
| #define _OPENBSD_SOURCE 1
| #define _POSIX_PTHREAD_SEMANTICS 1
| #define __STDC_WANT_IEC_60559_ATTRIBS_EXT__ 1
| #define __STDC_WANT_IEC_60559_BFP_EXT__ 1
| #define __STDC_WANT_IEC_60559_DFP_EXT__ 1
| #define __STDC_WANT_IEC_60559_FUNCS_EXT__ 1
| #define __STDC_WANT_IEC_60559_TYPES_EXT__ 1
| #define __STDC_WANT_LIB_EXT2__ 1
| #define __STDC_WANT_MATH_SPEC_FUNCS__ 1
| #define _TANDEM_SOURCE 1
| #define __EXTENSIONS__ 1
| #define HAVE_DLFCN_H 1
| #define LT_OBJDIR ".libs/"
| #define SIZEOF_UNSIGNED_SHORT 2
| #define SIZEOF_UNSIGNED_INT 4
| #define SIZEOF_UNSIGNED_LONG 8
| #define SIZEOF_UNSIGNED_LONG_LONG 8
| #define SIZEOF_VOID_P 8
| #define HAVE_UINTPTR_T 1
| #define SIZEOF_UINT64_T 8
| #define EGD_SOCKET_NAME ""
| #define ASM_DISABLED 1
| #define FIPS_MODULE_VERSION ""
| #define PRINTABLE_OS_NAME "GNU/Linux"
| #define NAME_OF_DEV_RANDOM "/dev/random"
| #define NAME_OF_DEV_URANDOM "/dev/urandom"
| #define GPG_ERR_SOURCE_DEFAULT GPG_ERR_SOURCE_GCRYPT
| #define HAVE_PTHREAD 1 
| #define HAVE_UNISTD_H 1
| #define HAVE_SYS_AUXV_H 1
| #define HAVE_SYS_RANDOM_H 1
| #define HAVE_USHORT 1
| #define HAVE_BUILTIN_BSWAP32 1
| #define HAVE_BUILTIN_BSWAP64 1
| #define HAVE_BUILTIN_CTZ 1
| #define HAVE_BUILTIN_CTZL 1
| #define HAVE_BUILTIN_CLZ 1
| #define HAVE_BUILTIN_CLZL 1
| #define HAVE_SYNC_SYNCHRONIZE 1
| #define HAVE_VLA 1
| #define GCRY_USE_VISIBILITY 1
| #define HAVE_GCC_ATTRIBUTE_ALIGNED 1
| #define HAVE_GCC_ATTRIBUTE_PACKED 1
| #define HAVE_GCC_ATTRIBUTE_MAY_ALIAS 1
| #define HAVE_GCC_ASM_VOLATILE_MEMORY 1
| #define HAVE_GCC_ASM_CFI_DIRECTIVES 1
| #define HAVE_GCC_ASM_ELF_DIRECTIVES 1
| #define HAVE_GCC_ATTRIBUTE_MS_ABI 1
| #define HAVE_GCC_ATTRIBUTE_SYSV_ABI 1
| /* end confdefs.h.  */
| void *test(void) {
|                  void *(*def_func)(void) = test;
|                  void *__attribute__((ms_abi))(*msabi_func)(void);
|                  /* warning on SysV abi targets, passes on Windows based targets */
|                  msabi_func = def_func;
|                  return msabi_func;
|              }
configure:17562: result: no
configure:17576: checking whether default calling convention is 'sysv_abi'
configure:17593: wllvm -c -g -O0 -DNO_ASM -fvisibility=hidden -Werror  conftest.c >&5
configure:17593: $? = 0
configure:17599: result: yes
configure:17617: checking whether GCC inline assembler supports SSSE3 instructions
configure:17651: result: n/a
configure:17663: checking whether GCC inline assembler supports PCLMUL instructions
configure:17695: result: n/a
configure:17707: checking whether GCC inline assembler supports SHA Extensions instructions
configure:17745: result: n/a
configure:17757: checking whether GCC inline assembler supports SSE4.1 instructions
configure:17790: result: n/a
configure:17802: checking whether GCC inline assembler supports AVX instructions
configure:17834: result: n/a
configure:17846: checking whether GCC inline assembler supports AVX2 instructions
configure:17878: result: n/a
configure:17890: checking whether GCC inline assembler supports VAES and VPCLMUL instructions
configure:17925: result: n/a
configure:17937: checking whether GCC inline assembler supports BMI2 instructions
configure:17976: result: n/a
configure:17990: checking whether GCC assembler handles division correctly
configure:18008: wllvm -o conftest -g -O0 -DNO_ASM -fvisibility=hidden   conftest.c  >&5
conftest.c:82:1: warning: implicit declaration of function 'fn' is invalid in C99 [-Wimplicit-function-declaration]
fn();
^
1 warning generated.
conftest.c:82:1: warning: implicit declaration of function 'fn' is invalid in C99 [-Wimplicit-function-declaration]
fn();
^
1 warning generated.
conftest.c:82:1: warning: implicit declaration of function 'fn' is invalid in C99 [-Wimplicit-function-declaration]
fn();
^
1 warning generated.
configure:18008: $? = 0
configure:18015: result: yes
configure:18063: checking whether GCC assembler is compatible for amd64 assembly implementations
configure:18105: result: n/a
configure:18160: checking whether GCC assembler is compatible for Intel syntax assembly implementations
configure:18201: result: n/a
configure:18213: checking whether compiler is configured for ARMv6 or newer architecture
configure:18249: result: n/a
configure:18261: checking whether GCC inline assembler supports NEON instructions
configure:18302: result: n/a
configure:18314: checking whether GCC inline assembler supports AArch32 Crypto Extension instructions
configure:18371: result: n/a
configure:18383: checking whether GCC inline assembler supports AArch64 NEON instructions
configure:18421: result: n/a
configure:18433: checking whether GCC inline assembler supports AArch64 Crypto Extension instructions
configure:18491: result: n/a
configure:18503: checking whether compiler supports PowerPC AltiVec/VSX intrinsics
configure:18534: result: n/a
configure:18601: checking whether GCC inline assembler supports PowerPC AltiVec/VSX/crypto instructions
configure:18643: result: n/a
configure:18655: checking whether GCC inline assembler supports PowerISA 3.00 instructions
configure:18690: result: n/a
configure:18702: checking whether GCC inline assembler supports zSeries instructions
configure:18772: result: n/a
configure:18784: checking whether GCC inline assembler supports zSeries vector instructions
configure:18825: result: n/a
configure:18842: checking for vprintf
configure:18842: wllvm -o conftest -g -O0 -DNO_ASM -fvisibility=hidden   conftest.c  >&5
conftest.c:94:6: warning: incompatible redeclaration of library function 'vprintf' [-Wincompatible-library-redeclaration]
char vprintf ();
     ^
conftest.c:94:6: note: 'vprintf' is a builtin with type 'int (const char *, struct __va_list_tag *)'
1 warning generated.
conftest.c:94:6: warning: incompatible redeclaration of library function 'vprintf' [-Wincompatible-library-redeclaration]
char vprintf ();
     ^
conftest.c:94:6: note: 'vprintf' is a builtin with type 'int (const char *, struct __va_list_tag *)'
1 warning generated.
conftest.c:94:6: warning: incompatible redeclaration of library function 'vprintf' [-Wincompatible-library-redeclaration]
char vprintf ();
     ^
conftest.c:94:6: note: 'vprintf' is a builtin with type 'int (const char *, struct __va_list_tag *)'
1 warning generated.
configure:18842: $? = 0
configure:18842: result: yes
configure:18864: checking for stpcpy
configure:18864: wllvm -o conftest -g -O0 -DNO_ASM -fvisibility=hidden   conftest.c  >&5
conftest.c:95:6: warning: incompatible redeclaration of library function 'stpcpy' [-Wincompatible-library-redeclaration]
char stpcpy ();
     ^
conftest.c:95:6: note: 'stpcpy' is a builtin with type 'char *(char *, const char *)'
1 warning generated.
conftest.c:95:6: warning: incompatible redeclaration of library function 'stpcpy' [-Wincompatible-library-redeclaration]
char stpcpy ();
     ^
conftest.c:95:6: note: 'stpcpy' is a builtin with type 'char *(char *, const char *)'
1 warning generated.
conftest.c:95:6: warning: incompatible redeclaration of library function 'stpcpy' [-Wincompatible-library-redeclaration]
char stpcpy ();
     ^
conftest.c:95:6: note: 'stpcpy' is a builtin with type 'char *(char *, const char *)'
1 warning generated.
configure:18864: $? = 0
configure:18864: result: yes
configure:18870: checking for strcasecmp
configure:18870: wllvm -o conftest -g -O0 -DNO_ASM -fvisibility=hidden   conftest.c  >&5
conftest.c:96:6: warning: incompatible redeclaration of library function 'strcasecmp' [-Wincompatible-library-redeclaration]
char strcasecmp ();
     ^
conftest.c:96:6: note: 'strcasecmp' is a builtin with type 'int (const char *, const char *)'
1 warning generated.
conftest.c:96:6: warning: incompatible redeclaration of library function 'strcasecmp' [-Wincompatible-library-redeclaration]
char strcasecmp ();
     ^
conftest.c:96:6: note: 'strcasecmp' is a builtin with type 'int (const char *, const char *)'
1 warning generated.
conftest.c:96:6: warning: incompatible redeclaration of library function 'strcasecmp' [-Wincompatible-library-redeclaration]
char strcasecmp ();
     ^
conftest.c:96:6: note: 'strcasecmp' is a builtin with type 'int (const char *, const char *)'
1 warning generated.
configure:18870: $? = 0
configure:18870: result: yes
configure:18878: checking for strtoul
configure:18878: wllvm -o conftest -g -O0 -DNO_ASM -fvisibility=hidden   conftest.c  >&5
conftest.c:97:6: warning: incompatible redeclaration of library function 'strtoul' [-Wincompatible-library-redeclaration]
char strtoul ();
     ^
conftest.c:97:6: note: 'strtoul' is a builtin with type 'unsigned long (const char *, char **, int)'
1 warning generated.
conftest.c:97:6: warning: incompatible redeclaration of library function 'strtoul' [-Wincompatible-library-redeclaration]
char strtoul ();
     ^
conftest.c:97:6: note: 'strtoul' is a builtin with type 'unsigned long (const char *, char **, int)'
1 warning generated.
conftest.c:97:6: warning: incompatible redeclaration of library function 'strtoul' [-Wincompatible-library-redeclaration]
char strtoul ();
     ^
conftest.c:97:6: note: 'strtoul' is a builtin with type 'unsigned long (const char *, char **, int)'
1 warning generated.
configure:18878: $? = 0
configure:18878: result: yes
configure:18884: checking for memmove
configure:18884: wllvm -o conftest -g -O0 -DNO_ASM -fvisibility=hidden   conftest.c  >&5
conftest.c:98:6: warning: incompatible redeclaration of library function 'memmove' [-Wincompatible-library-redeclaration]
char memmove ();
     ^
conftest.c:98:6: note: 'memmove' is a builtin with type 'void *(void *, const void *, unsigned long)'
1 warning generated.
conftest.c:98:6: warning: incompatible redeclaration of library function 'memmove' [-Wincompatible-library-redeclaration]
char memmove ();
     ^
conftest.c:98:6: note: 'memmove' is a builtin with type 'void *(void *, const void *, unsigned long)'
1 warning generated.
conftest.c:98:6: warning: incompatible redeclaration of library function 'memmove' [-Wincompatible-library-redeclaration]
char memmove ();
     ^
conftest.c:98:6: note: 'memmove' is a builtin with type 'void *(void *, const void *, unsigned long)'
1 warning generated.
configure:18884: $? = 0
configure:18884: result: yes
configure:18890: checking for stricmp
configure:18890: wllvm -o conftest -g -O0 -DNO_ASM -fvisibility=hidden   conftest.c  >&5
/usr/bin/ld: /tmp/conftest-578915.o: in function `main':
/home/theta-lin/klee-deps/wllvm/libgcrypt-and-libgpg-error/libgcrypt-1.10.1/conftest.c:110: undefined reference to `stricmp'
clang: error: linker command failed with exit code 1 (use -v to see invocation)
ERROR:Failed to compile using given arguments: [-o conftest -g -O0 -DNO_ASM -fvisibility=hidden conftest.c]
configure:18890: $? = 1
configure: failed program was:
| /* confdefs.h */
| #define PACKAGE_NAME "libgcrypt"
| #define PACKAGE_TARNAME "libgcrypt"
| #define PACKAGE_VERSION "1.10.1-unknown"
| #define PACKAGE_STRING "libgcrypt 1.10.1-unknown"
| #define PACKAGE_BUGREPORT "https://bugs.gnupg.org"
| #define PACKAGE_URL ""
| #define PACKAGE "libgcrypt"
| #define VERSION "1.10.1-unknown"
| #define HAVE_STDIO_H 1
| #define HAVE_STDLIB_H 1
| #define HAVE_STRING_H 1
| #define HAVE_INTTYPES_H 1
| #define HAVE_STDINT_H 1
| #define HAVE_STRINGS_H 1
| #define HAVE_SYS_STAT_H 1
| #define HAVE_SYS_TYPES_H 1
| #define HAVE_UNISTD_H 1
| #define HAVE_WCHAR_H 1
| #define HAVE_SYS_SOCKET_H 1
| #define STDC_HEADERS 1
| #define _ALL_SOURCE 1
| #define _DARWIN_C_SOURCE 1
| #define _GNU_SOURCE 1
| #define _HPUX_ALT_XOPEN_SOCKET_API 1
| #define _NETBSD_SOURCE 1
| #define _OPENBSD_SOURCE 1
| #define _POSIX_PTHREAD_SEMANTICS 1
| #define __STDC_WANT_IEC_60559_ATTRIBS_EXT__ 1
| #define __STDC_WANT_IEC_60559_BFP_EXT__ 1
| #define __STDC_WANT_IEC_60559_DFP_EXT__ 1
| #define __STDC_WANT_IEC_60559_FUNCS_EXT__ 1
| #define __STDC_WANT_IEC_60559_TYPES_EXT__ 1
| #define __STDC_WANT_LIB_EXT2__ 1
| #define __STDC_WANT_MATH_SPEC_FUNCS__ 1
| #define _TANDEM_SOURCE 1
| #define __EXTENSIONS__ 1
| #define HAVE_DLFCN_H 1
| #define LT_OBJDIR ".libs/"
| #define SIZEOF_UNSIGNED_SHORT 2
| #define SIZEOF_UNSIGNED_INT 4
| #define SIZEOF_UNSIGNED_LONG 8
| #define SIZEOF_UNSIGNED_LONG_LONG 8
| #define SIZEOF_VOID_P 8
| #define HAVE_UINTPTR_T 1
| #define SIZEOF_UINT64_T 8
| #define EGD_SOCKET_NAME ""
| #define ASM_DISABLED 1
| #define FIPS_MODULE_VERSION ""
| #define PRINTABLE_OS_NAME "GNU/Linux"
| #define NAME_OF_DEV_RANDOM "/dev/random"
| #define NAME_OF_DEV_URANDOM "/dev/urandom"
| #define GPG_ERR_SOURCE_DEFAULT GPG_ERR_SOURCE_GCRYPT
| #define HAVE_PTHREAD 1 
| #define HAVE_UNISTD_H 1
| #define HAVE_SYS_AUXV_H 1
| #define HAVE_SYS_RANDOM_H 1
| #define HAVE_USHORT 1
| #define HAVE_BUILTIN_BSWAP32 1
| #define HAVE_BUILTIN_BSWAP64 1
| #define HAVE_BUILTIN_CTZ 1
| #define HAVE_BUILTIN_CTZL 1
| #define HAVE_BUILTIN_CLZ 1
| #define HAVE_BUILTIN_CLZL 1
| #define HAVE_SYNC_SYNCHRONIZE 1
| #define HAVE_VLA 1
| #define GCRY_USE_VISIBILITY 1
| #define HAVE_GCC_ATTRIBUTE_ALIGNED 1
| #define HAVE_GCC_ATTRIBUTE_PACKED 1
| #define HAVE_GCC_ATTRIBUTE_MAY_ALIAS 1
| #define HAVE_GCC_ASM_VOLATILE_MEMORY 1
| #define HAVE_GCC_ASM_CFI_DIRECTIVES 1
| #define HAVE_GCC_ASM_ELF_DIRECTIVES 1
| #define HAVE_GCC_ATTRIBUTE_MS_ABI 1
| #define HAVE_GCC_ATTRIBUTE_SYSV_ABI 1
| #define HAVE_GCC_DEFAULT_ABI_IS_SYSV_ABI 1
| #define HAVE_VPRINTF 1
| #define HAVE_STPCPY 1
| #define HAVE_STRCASECMP 1
| #define HAVE_STRTOUL 1
| #define HAVE_MEMMOVE 1
| /* end confdefs.h.  */
| /* Define stricmp to an innocuous variant, in case <limits.h> declares stricmp.
|    For example, HP-UX 11i <limits.h> declares gettimeofday.  */
| #define stricmp innocuous_stricmp
| 
| /* System header to define __stub macros and hopefully few prototypes,
|    which can conflict with char stricmp (); below.  */
| 
| #include <limits.h>
| #undef stricmp
| 
| /* Override any GCC internal prototype to avoid an error.
|    Use char because int might match the return type of a GCC
|    builtin and then its argument prototype would still apply.  */
| #ifdef __cplusplus
| extern "C"
| #endif
| char stricmp ();
| /* The GNU C library defines this for functions which it implements
|     to always fail with ENOSYS.  Some functions are actually named
|     something starting with __ and the normal name is an alias.  */
| #if defined __stub_stricmp || defined __stub___stricmp
| choke me
| #endif
| 
| int
| main (void)
| {
| return stricmp ();
|   ;
|   return 0;
| }
configure:18890: result: no
configure:18896: checking for atexit
configure:18896: wllvm -o conftest -g -O0 -DNO_ASM -fvisibility=hidden   conftest.c  >&5
configure:18896: $? = 0
configure:18896: result: yes
configure:18902: checking for raise
configure:18902: wllvm -o conftest -g -O0 -DNO_ASM -fvisibility=hidden   conftest.c  >&5
configure:18902: $? = 0
configure:18902: result: yes
configure:18910: checking for strerror
configure:18910: wllvm -o conftest -g -O0 -DNO_ASM -fvisibility=hidden   conftest.c  >&5
conftest.c:101:6: warning: incompatible redeclaration of library function 'strerror' [-Wincompatible-library-redeclaration]
char strerror ();
     ^
conftest.c:101:6: note: 'strerror' is a builtin with type 'char *(int)'
1 warning generated.
conftest.c:101:6: warning: incompatible redeclaration of library function 'strerror' [-Wincompatible-library-redeclaration]
char strerror ();
     ^
conftest.c:101:6: note: 'strerror' is a builtin with type 'char *(int)'
1 warning generated.
conftest.c:101:6: warning: incompatible redeclaration of library function 'strerror' [-Wincompatible-library-redeclaration]
char strerror ();
     ^
conftest.c:101:6: note: 'strerror' is a builtin with type 'char *(int)'
1 warning generated.
configure:18910: $? = 0
configure:18910: result: yes
configure:18916: checking for rand
configure:18916: wllvm -o conftest -g -O0 -DNO_ASM -fvisibility=hidden   conftest.c  >&5
configure:18916: $? = 0
configure:18916: result: yes
configure:18922: checking for mmap
configure:18922: wllvm -o conftest -g -O0 -DNO_ASM -fvisibility=hidden   conftest.c  >&5
configure:18922: $? = 0
configure:18922: result: yes
configure:18928: checking for getpagesize
configure:18928: wllvm -o conftest -g -O0 -DNO_ASM -fvisibility=hidden   conftest.c  >&5
configure:18928: $? = 0
configure:18928: result: yes
configure:18934: checking for sysconf
configure:18934: wllvm -o conftest -g -O0 -DNO_ASM -fvisibility=hidden   conftest.c  >&5
configure:18934: $? = 0
configure:18934: result: yes
configure:18940: checking for waitpid
configure:18940: wllvm -o conftest -g -O0 -DNO_ASM -fvisibility=hidden   conftest.c  >&5
configure:18940: $? = 0
configure:18940: result: yes
configure:18946: checking for wait4
configure:18946: wllvm -o conftest -g -O0 -DNO_ASM -fvisibility=hidden   conftest.c  >&5
configure:18946: $? = 0
configure:18946: result: yes
configure:18953: checking for gettimeofday
configure:18953: wllvm -o conftest -g -O0 -DNO_ASM -fvisibility=hidden   conftest.c  >&5
configure:18953: $? = 0
configure:18953: result: yes
configure:18959: checking for getrusage
configure:18959: wllvm -o conftest -g -O0 -DNO_ASM -fvisibility=hidden   conftest.c  >&5
configure:18959: $? = 0
configure:18959: result: yes
configure:18965: checking for gethrtime
configure:18965: wllvm -o conftest -g -O0 -DNO_ASM -fvisibility=hidden   conftest.c  >&5
/usr/bin/ld: /tmp/conftest-06fbca.o: in function `main':
/home/theta-lin/klee-deps/wllvm/libgcrypt-and-libgpg-error/libgcrypt-1.10.1/conftest.c:121: undefined reference to `gethrtime'
clang: error: linker command failed with exit code 1 (use -v to see invocation)
ERROR:Failed to compile using given arguments: [-o conftest -g -O0 -DNO_ASM -fvisibility=hidden conftest.c]
configure:18965: $? = 1
configure: failed program was:
| /* confdefs.h */
| #define PACKAGE_NAME "libgcrypt"
| #define PACKAGE_TARNAME "libgcrypt"
| #define PACKAGE_VERSION "1.10.1-unknown"
| #define PACKAGE_STRING "libgcrypt 1.10.1-unknown"
| #define PACKAGE_BUGREPORT "https://bugs.gnupg.org"
| #define PACKAGE_URL ""
| #define PACKAGE "libgcrypt"
| #define VERSION "1.10.1-unknown"
| #define HAVE_STDIO_H 1
| #define HAVE_STDLIB_H 1
| #define HAVE_STRING_H 1
| #define HAVE_INTTYPES_H 1
| #define HAVE_STDINT_H 1
| #define HAVE_STRINGS_H 1
| #define HAVE_SYS_STAT_H 1
| #define HAVE_SYS_TYPES_H 1
| #define HAVE_UNISTD_H 1
| #define HAVE_WCHAR_H 1
| #define HAVE_SYS_SOCKET_H 1
| #define STDC_HEADERS 1
| #define _ALL_SOURCE 1
| #define _DARWIN_C_SOURCE 1
| #define _GNU_SOURCE 1
| #define _HPUX_ALT_XOPEN_SOCKET_API 1
| #define _NETBSD_SOURCE 1
| #define _OPENBSD_SOURCE 1
| #define _POSIX_PTHREAD_SEMANTICS 1
| #define __STDC_WANT_IEC_60559_ATTRIBS_EXT__ 1
| #define __STDC_WANT_IEC_60559_BFP_EXT__ 1
| #define __STDC_WANT_IEC_60559_DFP_EXT__ 1
| #define __STDC_WANT_IEC_60559_FUNCS_EXT__ 1
| #define __STDC_WANT_IEC_60559_TYPES_EXT__ 1
| #define __STDC_WANT_LIB_EXT2__ 1
| #define __STDC_WANT_MATH_SPEC_FUNCS__ 1
| #define _TANDEM_SOURCE 1
| #define __EXTENSIONS__ 1
| #define HAVE_DLFCN_H 1
| #define LT_OBJDIR ".libs/"
| #define SIZEOF_UNSIGNED_SHORT 2
| #define SIZEOF_UNSIGNED_INT 4
| #define SIZEOF_UNSIGNED_LONG 8
| #define SIZEOF_UNSIGNED_LONG_LONG 8
| #define SIZEOF_VOID_P 8
| #define HAVE_UINTPTR_T 1
| #define SIZEOF_UINT64_T 8
| #define EGD_SOCKET_NAME ""
| #define ASM_DISABLED 1
| #define FIPS_MODULE_VERSION ""
| #define PRINTABLE_OS_NAME "GNU/Linux"
| #define NAME_OF_DEV_RANDOM "/dev/random"
| #define NAME_OF_DEV_URANDOM "/dev/urandom"
| #define GPG_ERR_SOURCE_DEFAULT GPG_ERR_SOURCE_GCRYPT
| #define HAVE_PTHREAD 1 
| #define HAVE_UNISTD_H 1
| #define HAVE_SYS_AUXV_H 1
| #define HAVE_SYS_RANDOM_H 1
| #define HAVE_USHORT 1
| #define HAVE_BUILTIN_BSWAP32 1
| #define HAVE_BUILTIN_BSWAP64 1
| #define HAVE_BUILTIN_CTZ 1
| #define HAVE_BUILTIN_CTZL 1
| #define HAVE_BUILTIN_CLZ 1
| #define HAVE_BUILTIN_CLZL 1
| #define HAVE_SYNC_SYNCHRONIZE 1
| #define HAVE_VLA 1
| #define GCRY_USE_VISIBILITY 1
| #define HAVE_GCC_ATTRIBUTE_ALIGNED 1
| #define HAVE_GCC_ATTRIBUTE_PACKED 1
| #define HAVE_GCC_ATTRIBUTE_MAY_ALIAS 1
| #define HAVE_GCC_ASM_VOLATILE_MEMORY 1
| #define HAVE_GCC_ASM_CFI_DIRECTIVES 1
| #define HAVE_GCC_ASM_ELF_DIRECTIVES 1
| #define HAVE_GCC_ATTRIBUTE_MS_ABI 1
| #define HAVE_GCC_ATTRIBUTE_SYSV_ABI 1
| #define HAVE_GCC_DEFAULT_ABI_IS_SYSV_ABI 1
| #define HAVE_VPRINTF 1
| #define HAVE_STPCPY 1
| #define HAVE_STRCASECMP 1
| #define HAVE_STRTOUL 1
| #define HAVE_MEMMOVE 1
| #define HAVE_ATEXIT 1
| #define HAVE_RAISE 1
| #define HAVE_STRERROR 1
| #define HAVE_RAND 1
| #define HAVE_MMAP 1
| #define HAVE_GETPAGESIZE 1
| #define HAVE_SYSCONF 1
| #define HAVE_WAITPID 1
| #define HAVE_WAIT4 1
| #define HAVE_GETTIMEOFDAY 1
| #define HAVE_GETRUSAGE 1
| /* end confdefs.h.  */
| /* Define gethrtime to an innocuous variant, in case <limits.h> declares gethrtime.
|    For example, HP-UX 11i <limits.h> declares gettimeofday.  */
| #define gethrtime innocuous_gethrtime
| 
| /* System header to define __stub macros and hopefully few prototypes,
|    which can conflict with char gethrtime (); below.  */
| 
| #include <limits.h>
| #undef gethrtime
| 
| /* Override any GCC internal prototype to avoid an error.
|    Use char because int might match the return type of a GCC
|    builtin and then its argument prototype would still apply.  */
| #ifdef __cplusplus
| extern "C"
| #endif
| char gethrtime ();
| /* The GNU C library defines this for functions which it implements
|     to always fail with ENOSYS.  Some functions are actually named
|     something starting with __ and the normal name is an alias.  */
| #if defined __stub_gethrtime || defined __stub___gethrtime
| choke me
| #endif
| 
| int
| main (void)
| {
| return gethrtime ();
|   ;
|   return 0;
| }
configure:18965: result: no
configure:18971: checking for clock_gettime
configure:18971: wllvm -o conftest -g -O0 -DNO_ASM -fvisibility=hidden   conftest.c  >&5
configure:18971: $? = 0
configure:18971: result: yes
configure:18977: checking for syslog
configure:18977: wllvm -o conftest -g -O0 -DNO_ASM -fvisibility=hidden   conftest.c  >&5
configure:18977: $? = 0
configure:18977: result: yes
configure:18984: checking for syscall
configure:18984: wllvm -o conftest -g -O0 -DNO_ASM -fvisibility=hidden   conftest.c  >&5
configure:18984: $? = 0
configure:18984: result: yes
configure:18990: checking for fcntl
configure:18990: wllvm -o conftest -g -O0 -DNO_ASM -fvisibility=hidden   conftest.c  >&5
configure:18990: $? = 0
configure:18990: result: yes
configure:18996: checking for ftruncate
configure:18996: wllvm -o conftest -g -O0 -DNO_ASM -fvisibility=hidden   conftest.c  >&5
configure:18996: $? = 0
configure:18996: result: yes
configure:19002: checking for flockfile
configure:19002: wllvm -o conftest -g -O0 -DNO_ASM -fvisibility=hidden   conftest.c  >&5
configure:19002: $? = 0
configure:19002: result: yes
configure:19008: checking for getauxval
configure:19008: wllvm -o conftest -g -O0 -DNO_ASM -fvisibility=hidden   conftest.c  >&5
configure:19008: $? = 0
configure:19008: result: yes
configure:19014: checking for elf_aux_info
configure:19014: wllvm -o conftest -g -O0 -DNO_ASM -fvisibility=hidden   conftest.c  >&5
/usr/bin/ld: /tmp/conftest-cb3991.o: in function `main':
/home/theta-lin/klee-deps/wllvm/libgcrypt-and-libgpg-error/libgcrypt-1.10.1/conftest.c:128: undefined reference to `elf_aux_info'
clang: error: linker command failed with exit code 1 (use -v to see invocation)
ERROR:Failed to compile using given arguments: [-o conftest -g -O0 -DNO_ASM -fvisibility=hidden conftest.c]
configure:19014: $? = 1
configure: failed program was:
| /* confdefs.h */
| #define PACKAGE_NAME "libgcrypt"
| #define PACKAGE_TARNAME "libgcrypt"
| #define PACKAGE_VERSION "1.10.1-unknown"
| #define PACKAGE_STRING "libgcrypt 1.10.1-unknown"
| #define PACKAGE_BUGREPORT "https://bugs.gnupg.org"
| #define PACKAGE_URL ""
| #define PACKAGE "libgcrypt"
| #define VERSION "1.10.1-unknown"
| #define HAVE_STDIO_H 1
| #define HAVE_STDLIB_H 1
| #define HAVE_STRING_H 1
| #define HAVE_INTTYPES_H 1
| #define HAVE_STDINT_H 1
| #define HAVE_STRINGS_H 1
| #define HAVE_SYS_STAT_H 1
| #define HAVE_SYS_TYPES_H 1
| #define HAVE_UNISTD_H 1
| #define HAVE_WCHAR_H 1
| #define HAVE_SYS_SOCKET_H 1
| #define STDC_HEADERS 1
| #define _ALL_SOURCE 1
| #define _DARWIN_C_SOURCE 1
| #define _GNU_SOURCE 1
| #define _HPUX_ALT_XOPEN_SOCKET_API 1
| #define _NETBSD_SOURCE 1
| #define _OPENBSD_SOURCE 1
| #define _POSIX_PTHREAD_SEMANTICS 1
| #define __STDC_WANT_IEC_60559_ATTRIBS_EXT__ 1
| #define __STDC_WANT_IEC_60559_BFP_EXT__ 1
| #define __STDC_WANT_IEC_60559_DFP_EXT__ 1
| #define __STDC_WANT_IEC_60559_FUNCS_EXT__ 1
| #define __STDC_WANT_IEC_60559_TYPES_EXT__ 1
| #define __STDC_WANT_LIB_EXT2__ 1
| #define __STDC_WANT_MATH_SPEC_FUNCS__ 1
| #define _TANDEM_SOURCE 1
| #define __EXTENSIONS__ 1
| #define HAVE_DLFCN_H 1
| #define LT_OBJDIR ".libs/"
| #define SIZEOF_UNSIGNED_SHORT 2
| #define SIZEOF_UNSIGNED_INT 4
| #define SIZEOF_UNSIGNED_LONG 8
| #define SIZEOF_UNSIGNED_LONG_LONG 8
| #define SIZEOF_VOID_P 8
| #define HAVE_UINTPTR_T 1
| #define SIZEOF_UINT64_T 8
| #define EGD_SOCKET_NAME ""
| #define ASM_DISABLED 1
| #define FIPS_MODULE_VERSION ""
| #define PRINTABLE_OS_NAME "GNU/Linux"
| #define NAME_OF_DEV_RANDOM "/dev/random"
| #define NAME_OF_DEV_URANDOM "/dev/urandom"
| #define GPG_ERR_SOURCE_DEFAULT GPG_ERR_SOURCE_GCRYPT
| #define HAVE_PTHREAD 1 
| #define HAVE_UNISTD_H 1
| #define HAVE_SYS_AUXV_H 1
| #define HAVE_SYS_RANDOM_H 1
| #define HAVE_USHORT 1
| #define HAVE_BUILTIN_BSWAP32 1
| #define HAVE_BUILTIN_BSWAP64 1
| #define HAVE_BUILTIN_CTZ 1
| #define HAVE_BUILTIN_CTZL 1
| #define HAVE_BUILTIN_CLZ 1
| #define HAVE_BUILTIN_CLZL 1
| #define HAVE_SYNC_SYNCHRONIZE 1
| #define HAVE_VLA 1
| #define GCRY_USE_VISIBILITY 1
| #define HAVE_GCC_ATTRIBUTE_ALIGNED 1
| #define HAVE_GCC_ATTRIBUTE_PACKED 1
| #define HAVE_GCC_ATTRIBUTE_MAY_ALIAS 1
| #define HAVE_GCC_ASM_VOLATILE_MEMORY 1
| #define HAVE_GCC_ASM_CFI_DIRECTIVES 1
| #define HAVE_GCC_ASM_ELF_DIRECTIVES 1
| #define HAVE_GCC_ATTRIBUTE_MS_ABI 1
| #define HAVE_GCC_ATTRIBUTE_SYSV_ABI 1
| #define HAVE_GCC_DEFAULT_ABI_IS_SYSV_ABI 1
| #define HAVE_VPRINTF 1
| #define HAVE_STPCPY 1
| #define HAVE_STRCASECMP 1
| #define HAVE_STRTOUL 1
| #define HAVE_MEMMOVE 1
| #define HAVE_ATEXIT 1
| #define HAVE_RAISE 1
| #define HAVE_STRERROR 1
| #define HAVE_RAND 1
| #define HAVE_MMAP 1
| #define HAVE_GETPAGESIZE 1
| #define HAVE_SYSCONF 1
| #define HAVE_WAITPID 1
| #define HAVE_WAIT4 1
| #define HAVE_GETTIMEOFDAY 1
| #define HAVE_GETRUSAGE 1
| #define HAVE_CLOCK_GETTIME 1
| #define HAVE_SYSLOG 1
| #define HAVE_SYSCALL 1
| #define HAVE_FCNTL 1
| #define HAVE_FTRUNCATE 1
| #define HAVE_FLOCKFILE 1
| #define HAVE_GETAUXVAL 1
| /* end confdefs.h.  */
| /* Define elf_aux_info to an innocuous variant, in case <limits.h> declares elf_aux_info.
|    For example, HP-UX 11i <limits.h> declares gettimeofday.  */
| #define elf_aux_info innocuous_elf_aux_info
| 
| /* System header to define __stub macros and hopefully few prototypes,
|    which can conflict with char elf_aux_info (); below.  */
| 
| #include <limits.h>
| #undef elf_aux_info
| 
| /* Override any GCC internal prototype to avoid an error.
|    Use char because int might match the return type of a GCC
|    builtin and then its argument prototype would still apply.  */
| #ifdef __cplusplus
| extern "C"
| #endif
| char elf_aux_info ();
| /* The GNU C library defines this for functions which it implements
|     to always fail with ENOSYS.  Some functions are actually named
|     something starting with __ and the normal name is an alias.  */
| #if defined __stub_elf_aux_info || defined __stub___elf_aux_info
| choke me
| #endif
| 
| int
| main (void)
| {
| return elf_aux_info ();
|   ;
|   return 0;
| }
configure:19014: result: no
configure:19021: checking for explicit_bzero
configure:19021: wllvm -o conftest -g -O0 -DNO_ASM -fvisibility=hidden   conftest.c  >&5
configure:19021: $? = 0
configure:19021: result: yes
configure:19027: checking for explicit_memset
configure:19027: wllvm -o conftest -g -O0 -DNO_ASM -fvisibility=hidden   conftest.c  >&5
/usr/bin/ld: /tmp/conftest-a4d306.o: in function `main':
/home/theta-lin/klee-deps/wllvm/libgcrypt-and-libgpg-error/libgcrypt-1.10.1/conftest.c:129: undefined reference to `explicit_memset'
clang: error: linker command failed with exit code 1 (use -v to see invocation)
ERROR:Failed to compile using given arguments: [-o conftest -g -O0 -DNO_ASM -fvisibility=hidden conftest.c]
configure:19027: $? = 1
configure: failed program was:
| /* confdefs.h */
| #define PACKAGE_NAME "libgcrypt"
| #define PACKAGE_TARNAME "libgcrypt"
| #define PACKAGE_VERSION "1.10.1-unknown"
| #define PACKAGE_STRING "libgcrypt 1.10.1-unknown"
| #define PACKAGE_BUGREPORT "https://bugs.gnupg.org"
| #define PACKAGE_URL ""
| #define PACKAGE "libgcrypt"
| #define VERSION "1.10.1-unknown"
| #define HAVE_STDIO_H 1
| #define HAVE_STDLIB_H 1
| #define HAVE_STRING_H 1
| #define HAVE_INTTYPES_H 1
| #define HAVE_STDINT_H 1
| #define HAVE_STRINGS_H 1
| #define HAVE_SYS_STAT_H 1
| #define HAVE_SYS_TYPES_H 1
| #define HAVE_UNISTD_H 1
| #define HAVE_WCHAR_H 1
| #define HAVE_SYS_SOCKET_H 1
| #define STDC_HEADERS 1
| #define _ALL_SOURCE 1
| #define _DARWIN_C_SOURCE 1
| #define _GNU_SOURCE 1
| #define _HPUX_ALT_XOPEN_SOCKET_API 1
| #define _NETBSD_SOURCE 1
| #define _OPENBSD_SOURCE 1
| #define _POSIX_PTHREAD_SEMANTICS 1
| #define __STDC_WANT_IEC_60559_ATTRIBS_EXT__ 1
| #define __STDC_WANT_IEC_60559_BFP_EXT__ 1
| #define __STDC_WANT_IEC_60559_DFP_EXT__ 1
| #define __STDC_WANT_IEC_60559_FUNCS_EXT__ 1
| #define __STDC_WANT_IEC_60559_TYPES_EXT__ 1
| #define __STDC_WANT_LIB_EXT2__ 1
| #define __STDC_WANT_MATH_SPEC_FUNCS__ 1
| #define _TANDEM_SOURCE 1
| #define __EXTENSIONS__ 1
| #define HAVE_DLFCN_H 1
| #define LT_OBJDIR ".libs/"
| #define SIZEOF_UNSIGNED_SHORT 2
| #define SIZEOF_UNSIGNED_INT 4
| #define SIZEOF_UNSIGNED_LONG 8
| #define SIZEOF_UNSIGNED_LONG_LONG 8
| #define SIZEOF_VOID_P 8
| #define HAVE_UINTPTR_T 1
| #define SIZEOF_UINT64_T 8
| #define EGD_SOCKET_NAME ""
| #define ASM_DISABLED 1
| #define FIPS_MODULE_VERSION ""
| #define PRINTABLE_OS_NAME "GNU/Linux"
| #define NAME_OF_DEV_RANDOM "/dev/random"
| #define NAME_OF_DEV_URANDOM "/dev/urandom"
| #define GPG_ERR_SOURCE_DEFAULT GPG_ERR_SOURCE_GCRYPT
| #define HAVE_PTHREAD 1 
| #define HAVE_UNISTD_H 1
| #define HAVE_SYS_AUXV_H 1
| #define HAVE_SYS_RANDOM_H 1
| #define HAVE_USHORT 1
| #define HAVE_BUILTIN_BSWAP32 1
| #define HAVE_BUILTIN_BSWAP64 1
| #define HAVE_BUILTIN_CTZ 1
| #define HAVE_BUILTIN_CTZL 1
| #define HAVE_BUILTIN_CLZ 1
| #define HAVE_BUILTIN_CLZL 1
| #define HAVE_SYNC_SYNCHRONIZE 1
| #define HAVE_VLA 1
| #define GCRY_USE_VISIBILITY 1
| #define HAVE_GCC_ATTRIBUTE_ALIGNED 1
| #define HAVE_GCC_ATTRIBUTE_PACKED 1
| #define HAVE_GCC_ATTRIBUTE_MAY_ALIAS 1
| #define HAVE_GCC_ASM_VOLATILE_MEMORY 1
| #define HAVE_GCC_ASM_CFI_DIRECTIVES 1
| #define HAVE_GCC_ASM_ELF_DIRECTIVES 1
| #define HAVE_GCC_ATTRIBUTE_MS_ABI 1
| #define HAVE_GCC_ATTRIBUTE_SYSV_ABI 1
| #define HAVE_GCC_DEFAULT_ABI_IS_SYSV_ABI 1
| #define HAVE_VPRINTF 1
| #define HAVE_STPCPY 1
| #define HAVE_STRCASECMP 1
| #define HAVE_STRTOUL 1
| #define HAVE_MEMMOVE 1
| #define HAVE_ATEXIT 1
| #define HAVE_RAISE 1
| #define HAVE_STRERROR 1
| #define HAVE_RAND 1
| #define HAVE_MMAP 1
| #define HAVE_GETPAGESIZE 1
| #define HAVE_SYSCONF 1
| #define HAVE_WAITPID 1
| #define HAVE_WAIT4 1
| #define HAVE_GETTIMEOFDAY 1
| #define HAVE_GETRUSAGE 1
| #define HAVE_CLOCK_GETTIME 1
| #define HAVE_SYSLOG 1
| #define HAVE_SYSCALL 1
| #define HAVE_FCNTL 1
| #define HAVE_FTRUNCATE 1
| #define HAVE_FLOCKFILE 1
| #define HAVE_GETAUXVAL 1
| #define HAVE_EXPLICIT_BZERO 1
| /* end confdefs.h.  */
| /* Define explicit_memset to an innocuous variant, in case <limits.h> declares explicit_memset.
|    For example, HP-UX 11i <limits.h> declares gettimeofday.  */
| #define explicit_memset innocuous_explicit_memset
| 
| /* System header to define __stub macros and hopefully few prototypes,
|    which can conflict with char explicit_memset (); below.  */
| 
| #include <limits.h>
| #undef explicit_memset
| 
| /* Override any GCC internal prototype to avoid an error.
|    Use char because int might match the return type of a GCC
|    builtin and then its argument prototype would still apply.  */
| #ifdef __cplusplus
| extern "C"
| #endif
| char explicit_memset ();
| /* The GNU C library defines this for functions which it implements
|     to always fail with ENOSYS.  Some functions are actually named
|     something starting with __ and the normal name is an alias.  */
| #if defined __stub_explicit_memset || defined __stub___explicit_memset
| choke me
| #endif
| 
| int
| main (void)
| {
| return explicit_memset ();
|   ;
|   return 0;
| }
configure:19027: result: no
configure:19033: checking for getentropy
configure:19033: wllvm -o conftest -g -O0 -DNO_ASM -fvisibility=hidden   conftest.c  >&5
configure:19033: $? = 0
configure:19033: result: yes
configure:19041: checking for mlock
configure:19041: wllvm -o conftest -g -O0 -DNO_ASM -fvisibility=hidden   conftest.c  >&5
configure:19041: $? = 0
configure:19041: result: yes
configure:19155: checking for sysconf
configure:19155: result: yes
configure:19161: checking for getpagesize
configure:19161: result: yes
configure:19168: checking whether mlock is broken
configure:19219: wllvm -o conftest -g -O0 -DNO_ASM -fvisibility=hidden   conftest.c  >&5
configure:19219: $? = 0
configure:19219: ./conftest
configure:19219: $? = 0
configure:19240: result: no
configure:19253: checking for getpid
configure:19253: wllvm -o conftest -g -O0 -DNO_ASM -fvisibility=hidden   conftest.c  >&5
configure:19253: $? = 0
configure:19253: result: yes
configure:19266: checking for clock
configure:19266: wllvm -o conftest -g -O0 -DNO_ASM -fvisibility=hidden   conftest.c  >&5
configure:19266: $? = 0
configure:19266: result: yes
configure:19441: checking for random device
configure:19450: result: yes
configure:19531: checking for cc features
configure:19535: checking if gcc supports -fno-delete-null-pointer-checks
configure:19550: wllvm -c -fno-delete-null-pointer-checks  conftest.c >&5
configure:19550: $? = 0
configure:19557: result: yes
configure:19641: checking whether non excutable stack support is requested
configure:19651: result: yes
configure:19654: checking whether assembler supports --noexecstack option
configure:19665: wllvm -g -O0 -DNO_ASM -fvisibility=hidden -fno-delete-null-pointer-checks -Wall 
                     -S -o conftest.s conftest.c >/dev/null
configure:19668: $? = 0
configure:19673: wllvm -g -O0 -DNO_ASM  -Wa,--noexecstack
                       -c -o conftest.o conftest.s >/dev/null
clang: warning: argument unused during compilation: '-D NO_ASM' [-Wunused-command-line-argument]
configure:19676: $? = 0
configure:19685: result: yes
configure:21238: checking that generated files are newer than configure
configure:21244: result: done
configure:21388: creating ./config.status

## ---------------------- ##
## Running config.status. ##
## ---------------------- ##

This file was extended by libgcrypt config.status 1.10.1-unknown, which was
generated by GNU Autoconf 2.71.  Invocation command line was

  CONFIG_FILES    = 
  CONFIG_HEADERS  = 
  CONFIG_LINKS    = 
  CONFIG_COMMANDS = 
  $ ./config.status 

on edge-intelligence-lab-gpu-server-2

config.status:1388: creating Makefile
config.status:1388: creating m4/Makefile
config.status:1388: creating compat/Makefile
config.status:1388: creating mpi/Makefile
config.status:1388: creating cipher/Makefile
config.status:1388: creating random/Makefile
config.status:1388: creating doc/Makefile
config.status:1388: creating src/Makefile
config.status:1388: creating src/gcrypt.h
config.status:1388: creating src/libgcrypt-config
config.status:1388: creating src/libgcrypt.pc
config.status:1388: creating src/versioninfo.rc
config.status:1388: creating tests/Makefile
config.status:1388: creating tests/hashtest-256g
config.status:1388: creating tests/basic-disable-all-hwf
config.status:1388: creating config.h
config.status:1569: config.h is unchanged
config.status:1629: linking mpi/generic/mpih-add1.c to mpi/mpih-add1.c
config.status:1629: linking mpi/generic/mpih-sub1.c to mpi/mpih-sub1.c
config.status:1629: linking mpi/generic/mpih-mul1.c to mpi/mpih-mul1.c
config.status:1629: linking mpi/generic/mpih-mul2.c to mpi/mpih-mul2.c
config.status:1629: linking mpi/generic/mpih-mul3.c to mpi/mpih-mul3.c
config.status:1629: linking mpi/generic/mpih-lshift.c to mpi/mpih-lshift.c
config.status:1629: linking mpi/generic/mpih-rshift.c to mpi/mpih-rshift.c
config.status:1629: linking mpi/generic/mpi-asm-defs.h to mpi/mpi-asm-defs.h
config.status:1648: executing depfiles commands
config.status:1725: cd compat       && sed -e '/# am--include-marker/d' Makefile         | make -f - am--depfiles
make: Nothing to be done for 'am--depfiles'.
config.status:1730: $? = 0
config.status:1725: cd mpi       && sed -e '/# am--include-marker/d' Makefile         | make -f - am--depfiles
make: Nothing to be done for 'am--depfiles'.
config.status:1730: $? = 0
config.status:1725: cd cipher       && sed -e '/# am--include-marker/d' Makefile         | make -f - am--depfiles
make: Nothing to be done for 'am--depfiles'.
config.status:1730: $? = 0
config.status:1725: cd random       && sed -e '/# am--include-marker/d' Makefile         | make -f - am--depfiles
make: Nothing to be done for 'am--depfiles'.
config.status:1730: $? = 0
config.status:1725: cd src       && sed -e '/# am--include-marker/d' Makefile         | make -f - am--depfiles
make: Nothing to be done for 'am--depfiles'.
config.status:1730: $? = 0
config.status:1725: cd tests       && sed -e '/# am--include-marker/d' Makefile         | make -f - am--depfiles
make: Nothing to be done for 'am--depfiles'.
config.status:1730: $? = 0
config.status:1648: executing libtool commands
config.status:1648: executing gcrypt-conf commands

## ---------------- ##
## Cache variables. ##
## ---------------- ##

ac_cv_build=x86_64-pc-linux-gnu
ac_cv_c_bigendian=no
ac_cv_c_compiler_gnu=yes
ac_cv_c_const=yes
ac_cv_c_inline=inline
ac_cv_env_CCASFLAGS_set=
ac_cv_env_CCASFLAGS_value=
ac_cv_env_CCAS_set=
ac_cv_env_CCAS_value=
ac_cv_env_CC_set=set
ac_cv_env_CC_value=wllvm
ac_cv_env_CFLAGS_set=set
ac_cv_env_CFLAGS_value='-g -O0 -DNO_ASM'
ac_cv_env_CPPFLAGS_set=
ac_cv_env_CPPFLAGS_value=
ac_cv_env_CPP_set=
ac_cv_env_CPP_value=
ac_cv_env_LDFLAGS_set=
ac_cv_env_LDFLAGS_value=
ac_cv_env_LIBS_set=
ac_cv_env_LIBS_value=
ac_cv_env_SYSROOT_set=
ac_cv_env_SYSROOT_value=
ac_cv_env_build_alias_set=
ac_cv_env_build_alias_value=
ac_cv_env_host_alias_set=
ac_cv_env_host_alias_value=
ac_cv_env_target_alias_set=
ac_cv_env_target_alias_value=
ac_cv_func_atexit=yes
ac_cv_func_clock=yes
ac_cv_func_clock_gettime=yes
ac_cv_func_elf_aux_info=no
ac_cv_func_explicit_bzero=yes
ac_cv_func_explicit_memset=no
ac_cv_func_fcntl=yes
ac_cv_func_flockfile=yes
ac_cv_func_ftruncate=yes
ac_cv_func_getauxval=yes
ac_cv_func_getentropy=yes
ac_cv_func_gethrtime=no
ac_cv_func_getpagesize=yes
ac_cv_func_getpid=yes
ac_cv_func_getrusage=yes
ac_cv_func_gettimeofday=yes
ac_cv_func_memmove=yes
ac_cv_func_mlock=yes
ac_cv_func_mmap=yes
ac_cv_func_raise=yes
ac_cv_func_rand=yes
ac_cv_func_stpcpy=yes
ac_cv_func_strcasecmp=yes
ac_cv_func_strerror=yes
ac_cv_func_stricmp=no
ac_cv_func_strtoul=yes
ac_cv_func_syscall=yes
ac_cv_func_sysconf=yes
ac_cv_func_syslog=yes
ac_cv_func_vprintf=yes
ac_cv_func_wait4=yes
ac_cv_func_waitpid=yes
ac_cv_have_dev_random=yes
ac_cv_header_dlfcn_h=yes
ac_cv_header_inttypes_h=yes
ac_cv_header_minix_config_h=no
ac_cv_header_stdint_h=yes
ac_cv_header_stdio_h=yes
ac_cv_header_stdlib_h=yes
ac_cv_header_string_h=yes
ac_cv_header_strings_h=yes
ac_cv_header_sys_auxv_h=yes
ac_cv_header_sys_random_h=yes
ac_cv_header_sys_socket_h=yes
ac_cv_header_sys_stat_h=yes
ac_cv_header_sys_types_h=yes
ac_cv_header_unistd_h=yes
ac_cv_header_wchar_h=yes
ac_cv_host=x86_64-pc-linux-gnu
ac_cv_lib_pthread_pthread_create=yes
ac_cv_mpi_sflags=
ac_cv_objext=o
ac_cv_path_EGREP='/usr/bin/grep -E'
ac_cv_path_FGREP='/usr/bin/grep -F'
ac_cv_path_GPGRT_CONFIG=/usr/bin/gpgrt-config
ac_cv_path_GPG_ERROR_CONFIG=/usr/bin/gpg-error-config
ac_cv_path_GREP=/usr/bin/grep
ac_cv_path_SED=/usr/bin/sed
ac_cv_path_install='/usr/bin/install -c'
ac_cv_path_mkdir=/usr/bin/mkdir
ac_cv_prog_AWK=gawk
ac_cv_prog_CPP='wllvm -E'
ac_cv_prog_ac_ct_AR=ar
ac_cv_prog_ac_ct_CC=wllvm
ac_cv_prog_ac_ct_MANIFEST_TOOL=mt
ac_cv_prog_ac_ct_OBJDUMP=objdump
ac_cv_prog_ac_ct_RANLIB=ranlib
ac_cv_prog_ac_ct_STRIP=strip
ac_cv_prog_cc_c11=
ac_cv_prog_cc_g=yes
ac_cv_prog_cc_stdc=
ac_cv_prog_make_make_set=yes
ac_cv_safe_to_define___extensions__=yes
ac_cv_search_setsockopt='none required'
ac_cv_search_strerror='none required'
ac_cv_should_define__xopen_source=no
ac_cv_sizeof_uint64_t=8
ac_cv_sizeof_unsigned_int=4
ac_cv_sizeof_unsigned_long=8
ac_cv_sizeof_unsigned_long_long=8
ac_cv_sizeof_unsigned_short=2
ac_cv_sizeof_void_p=8
ac_cv_sys_symbol_underscore=no
ac_cv_type_byte=no
ac_cv_type_pid_t=yes
ac_cv_type_size_t=yes
ac_cv_type_socklen_t=yes
ac_cv_type_u16=no
ac_cv_type_u32=no
ac_cv_type_u64=no
ac_cv_type_uintptr_t=yes
ac_cv_type_ushort=yes
am_cv_CCAS_dependencies_compiler_type=gcc3
am_cv_CC_dependencies_compiler_type=gcc3
am_cv_make_support_nested_variables=yes
am_cv_prog_cc_c_o=yes
cl_cv_as_noexecstack=yes
gcry_cv_broken_alias_attribute=no
gcry_cv_broken_visibility_attribute=no
gcry_cv_cc_arm_arch_is_v6=n/a
gcry_cv_cc_ppc_altivec=n/a
gcry_cv_gcc_aarch64_platform_as_ok=n/a
gcry_cv_gcc_amd64_platform_as_ok=n/a
gcry_cv_gcc_arm_platform_as_ok=n/a
gcry_cv_gcc_as_const_division_ok=yes
gcry_cv_gcc_asm_cfi_directives=yes
gcry_cv_gcc_asm_elf_directives=yes
gcry_cv_gcc_attribute_aligned=yes
gcry_cv_gcc_attribute_may_alias=yes
gcry_cv_gcc_attribute_ms_abi=yes
gcry_cv_gcc_attribute_packed=yes
gcry_cv_gcc_attribute_sysv_abi=yes
gcry_cv_gcc_default_abi_is_ms_abi=no
gcry_cv_gcc_default_abi_is_sysv_abi=yes
gcry_cv_gcc_has_f_visibility=yes
gcry_cv_gcc_inline_asm_aarch32_crypto=n/a
gcry_cv_gcc_inline_asm_aarch64_crypto=n/a
gcry_cv_gcc_inline_asm_aarch64_neon=n/a
gcry_cv_gcc_inline_asm_avx2=n/a
gcry_cv_gcc_inline_asm_avx=n/a
gcry_cv_gcc_inline_asm_bmi2=n/a
gcry_cv_gcc_inline_asm_neon=n/a
gcry_cv_gcc_inline_asm_pclmul=n/a
gcry_cv_gcc_inline_asm_ppc_altivec=n/a
gcry_cv_gcc_inline_asm_ppc_arch_3_00=n/a
gcry_cv_gcc_inline_asm_s390x=n/a
gcry_cv_gcc_inline_asm_s390x_vx=n/a
gcry_cv_gcc_inline_asm_shaext=n/a
gcry_cv_gcc_inline_asm_sse41=n/a
gcry_cv_gcc_inline_asm_ssse3=n/a
gcry_cv_gcc_inline_asm_vaes_vpclmul=n/a
gcry_cv_gcc_platform_as_ok_for_intel_syntax=n/a
gcry_cv_have___asm__=yes
gcry_cv_have_asm=yes
gcry_cv_have_asm_volatile_memory=yes
gcry_cv_have_builtin_bswap32=yes
gcry_cv_have_builtin_bswap64=yes
gcry_cv_have_builtin_clz=yes
gcry_cv_have_builtin_clzl=yes
gcry_cv_have_builtin_ctz=yes
gcry_cv_have_builtin_ctzl=yes
gcry_cv_have_sync_synchronize=yes
gcry_cv_have_vla=yes
gcry_cv_visibility_attribute=yes
gnupg_cv_have_broken_mlock=no
gnupg_cv_uint64_c_works=yes
lt_cv_ar_at_file=@
lt_cv_archive_cmds_need_lc=no
lt_cv_deplibs_check_method=pass_all
lt_cv_file_magic_cmd='$MAGIC_CMD'
lt_cv_file_magic_test_file=
lt_cv_ld_reload_flag=-r
lt_cv_nm_interface='BSD nm'
lt_cv_objdir=.libs
lt_cv_path_LD=/usr/bin/ld
lt_cv_path_NM='/usr/bin/nm -B'
lt_cv_path_mainfest_tool=no
lt_cv_prog_compiler_c_o=yes
lt_cv_prog_compiler_c_o_RC=yes
lt_cv_prog_compiler_pic='-fPIC -DPIC'
lt_cv_prog_compiler_pic_works=yes
lt_cv_prog_compiler_rtti_exceptions=yes
lt_cv_prog_compiler_static_works=yes
lt_cv_prog_gnu_ld=yes
lt_cv_sharedlib_from_linklib_cmd='printf %s\n'
lt_cv_shlibpath_overrides_runpath=yes
lt_cv_sys_global_symbol_pipe='sed -n -e '\''s/^.*[	 ]\([ABCDGIRSTW][ABCDGIRSTW]*\)[	 ][	 ]*\([_A-Za-z][_A-Za-z0-9]*\)$/\1 \2 \2/p'\'' | sed '\''/ __gnu_lto/d'\'''
lt_cv_sys_global_symbol_to_c_name_address='sed -n -e '\''s/^: \([^ ]*\)[ ]*$/  {\"\1\", (void *) 0},/p'\'' -e '\''s/^[ABCDGIRSTW]* \([^ ]*\) \([^ ]*\)$/  {"\2", (void *) \&\2},/p'\'''
lt_cv_sys_global_symbol_to_c_name_address_lib_prefix='sed -n -e '\''s/^: \([^ ]*\)[ ]*$/  {\"\1\", (void *) 0},/p'\'' -e '\''s/^[ABCDGIRSTW]* \([^ ]*\) \(lib[^ ]*\)$/  {"\2", (void *) \&\2},/p'\'' -e '\''s/^[ABCDGIRSTW]* \([^ ]*\) \([^ ]*\)$/  {"lib\2", (void *) \&\2},/p'\'''
lt_cv_sys_global_symbol_to_cdecl='sed -n -e '\''s/^T .* \(.*\)$/extern int \1();/p'\'' -e '\''s/^[ABCDGIRSTW]* .* \(.*\)$/extern char \1;/p'\'''
lt_cv_sys_max_cmd_len=1572864
lt_cv_to_host_file_cmd=func_convert_file_noop
lt_cv_to_tool_file_cmd=func_convert_file_noop

## ----------------- ##
## Output variables. ##
## ----------------- ##

ACLOCAL='${SHELL} '\''/home/theta-lin/klee-deps/wllvm/libgcrypt-and-libgpg-error/libgcrypt-1.10.1/build-aux/missing'\'' aclocal-1.16'
AMDEPBACKSLASH='\'
AMDEP_FALSE='#'
AMDEP_TRUE=''
AMTAR='$${TAR-tar}'
AM_BACKSLASH='\'
AM_DEFAULT_V='$(AM_DEFAULT_VERBOSITY)'
AM_DEFAULT_VERBOSITY='1'
AM_V='$(V)'
AR='ar'
AS='as'
AUTOCONF='${SHELL} '\''/home/theta-lin/klee-deps/wllvm/libgcrypt-and-libgpg-error/libgcrypt-1.10.1/build-aux/missing'\'' autoconf'
AUTOHEADER='${SHELL} '\''/home/theta-lin/klee-deps/wllvm/libgcrypt-and-libgpg-error/libgcrypt-1.10.1/build-aux/missing'\'' autoheader'
AUTOMAKE='${SHELL} '\''/home/theta-lin/klee-deps/wllvm/libgcrypt-and-libgpg-error/libgcrypt-1.10.1/build-aux/missing'\'' automake-1.16'
AWK='gawk'
BUILD_DOC_FALSE='#'
BUILD_DOC_TRUE=''
BUILD_FILEVERSION='1,10,1,0'
BUILD_REVISION='0000000'
BUILD_TIMESTAMP='<none>'
BUILD_VERSION='1.10.1.0'
CC='wllvm'
CCAS='wllvm'
CCASDEPMODE='depmode=gcc3'
CCASFLAGS='-g -O0 -DNO_ASM'
CCDEPMODE='depmode=gcc3'
CC_FOR_BUILD='$(CC)'
CFLAGS='-g -O0 -DNO_ASM -fvisibility=hidden -fno-delete-null-pointer-checks -Wall'
CPP='wllvm -E'
CPPFLAGS=''
CROSS_COMPILING_FALSE=''
CROSS_COMPILING_TRUE='#'
CYGPATH_W='echo'
DEFS='-DHAVE_CONFIG_H'
DEF_HMAC_BINARY_CHECK=''
DEPDIR='.deps'
DLLTOOL='false'
DL_LIBS=''
DSYMUTIL=''
DUMPBIN=''
ECHO_C=''
ECHO_N='-n'
ECHO_T=''
EGREP='/usr/bin/grep -E'
ENABLE_INSTRUMENTATION_MUNGING_FALSE='#'
ENABLE_INSTRUMENTATION_MUNGING_TRUE=''
ENABLE_O_FLAG_MUNGING_FALSE='#'
ENABLE_O_FLAG_MUNGING_TRUE=''
ENABLE_PPC_VCRYPTO_EXTRA_CFLAGS_FALSE=''
ENABLE_PPC_VCRYPTO_EXTRA_CFLAGS_TRUE='#'
ENABLE_RANDOM_DAEMON_FALSE=''
ENABLE_RANDOM_DAEMON_TRUE='#'
EXEEXT=''
EXEEXT_FOR_BUILD='$(EXEEXT)'
FGREP='/usr/bin/grep -F'
GCRYPT_CIPHERS=' arcfour.lo blowfish.lo cast5.lo des.lo rijndael.lo twofish.lo serpent.lo rfc2268.lo seed.lo camellia.lo camellia-glue.lo idea.lo salsa20.lo gost28147.lo chacha20.lo sm4.lo'
GCRYPT_DIGESTS=' crc.lo gostr3411-94.lo stribog.lo md4.lo md5.lo rmd160.lo sha256.lo sha512.lo keccak.lo tiger.lo whirlpool.lo blake2.lo sm3.lo sha1.lo'
GCRYPT_HWF_MODULES=''
GCRYPT_KDFS=' scrypt.lo'
GCRYPT_PUBKEY_CIPHERS=' dsa.lo rsa.lo elgamal.lo                           ecc.lo ecc-curves.lo ecc-misc.lo                           ecc-ecdh.lo ecc-ecdsa.lo ecc-eddsa.lo ecc-gost.lo                           ecc-sm2.lo'
GCRYPT_RANDOM=' rndgetentropy.lo'
GPGRT_CONFIG='/usr/bin/gpgrt-config --libdir=/usr/lib/x86_64-linux-gnu'
GPG_ERROR_CFLAGS=''
GPG_ERROR_CONFIG='/usr/bin/gpgrt-config --libdir=/usr/lib/x86_64-linux-gnu gpg-error'
GPG_ERROR_LIBS='-L/usr/lib/x86_64-linux-gnu -lgpg-error'
GPG_ERROR_MT_CFLAGS=''
GPG_ERROR_MT_LIBS='-L/usr/lib/x86_64-linux-gnu -lgpg-error '
GREP='/usr/bin/grep'
HAVE_LD_VERSION_SCRIPT_FALSE='#'
HAVE_LD_VERSION_SCRIPT_TRUE=''
HAVE_W32CE_SYSTEM_FALSE=''
HAVE_W32CE_SYSTEM_TRUE='#'
HAVE_W32_SYSTEM_FALSE=''
HAVE_W32_SYSTEM_TRUE='#'
INSTALL_DATA='${INSTALL} -m 644'
INSTALL_PROGRAM='${INSTALL}'
INSTALL_SCRIPT='${INSTALL}'
INSTALL_STRIP_PROGRAM='$(install_sh) -c -s'
LD='/usr/bin/ld -m elf_x86_64'
LDADD_FOR_TESTS_KLUDGE=''
LDFLAGS=''
LIBGCRYPT_CIPHERS='arcfour blowfish cast5 des aes twofish serpent rfc2268 seed camellia idea salsa20 gost28147 chacha20 sm4'
LIBGCRYPT_CONFIG_API_VERSION='1'
LIBGCRYPT_CONFIG_CFLAGS=''
LIBGCRYPT_CONFIG_HOST='x86_64-pc-linux-gnu'
LIBGCRYPT_CONFIG_LIBS='-lgcrypt'
LIBGCRYPT_DIGESTS='crc gostr3411-94  md4 md5 rmd160 sha1 sha256 sha512 sha3 tiger whirlpool stribog blake2 sm3'
LIBGCRYPT_LT_AGE='4'
LIBGCRYPT_LT_CURRENT='24'
LIBGCRYPT_LT_REVISION='1'
LIBGCRYPT_PUBKEY_CIPHERS='dsa elgamal rsa ecc'
LIBGCRYPT_THREAD_MODULES=''
LIBOBJS=''
LIBS=''
LIBTOOL='$(SHELL) $(top_builddir)/libtool'
LIPO=''
LN_S='ln -s'
LTLIBOBJS=''
MAINT='#'
MAINTAINER_MODE_FALSE=''
MAINTAINER_MODE_TRUE='#'
MAKEINFO='${SHELL} '\''/home/theta-lin/klee-deps/wllvm/libgcrypt-and-libgpg-error/libgcrypt-1.10.1/build-aux/missing'\'' makeinfo'
MANIFEST_TOOL=':'
MKDIR_P='/usr/bin/mkdir -p'
MPI_MOD_ASM_MPIH_ADD1_FALSE=''
MPI_MOD_ASM_MPIH_ADD1_TRUE='#'
MPI_MOD_ASM_MPIH_LSHIFT_FALSE=''
MPI_MOD_ASM_MPIH_LSHIFT_TRUE='#'
MPI_MOD_ASM_MPIH_MUL1_FALSE=''
MPI_MOD_ASM_MPIH_MUL1_TRUE='#'
MPI_MOD_ASM_MPIH_MUL2_FALSE=''
MPI_MOD_ASM_MPIH_MUL2_TRUE='#'
MPI_MOD_ASM_MPIH_MUL3_FALSE=''
MPI_MOD_ASM_MPIH_MUL3_TRUE='#'
MPI_MOD_ASM_MPIH_RSHIFT_FALSE=''
MPI_MOD_ASM_MPIH_RSHIFT_TRUE='#'
MPI_MOD_ASM_MPIH_SUB1_FALSE=''
MPI_MOD_ASM_MPIH_SUB1_TRUE='#'
MPI_MOD_ASM_UDIV_FALSE=''
MPI_MOD_ASM_UDIV_QRNND_FALSE=''
MPI_MOD_ASM_UDIV_QRNND_TRUE='#'
MPI_MOD_ASM_UDIV_TRUE='#'
MPI_MOD_C_MPIH_ADD1_FALSE='#'
MPI_MOD_C_MPIH_ADD1_TRUE=''
MPI_MOD_C_MPIH_LSHIFT_FALSE='#'
MPI_MOD_C_MPIH_LSHIFT_TRUE=''
MPI_MOD_C_MPIH_MUL1_FALSE='#'
MPI_MOD_C_MPIH_MUL1_TRUE=''
MPI_MOD_C_MPIH_MUL2_FALSE='#'
MPI_MOD_C_MPIH_MUL2_TRUE=''
MPI_MOD_C_MPIH_MUL3_FALSE='#'
MPI_MOD_C_MPIH_MUL3_TRUE=''
MPI_MOD_C_MPIH_RSHIFT_FALSE='#'
MPI_MOD_C_MPIH_RSHIFT_TRUE=''
MPI_MOD_C_MPIH_SUB1_FALSE='#'
MPI_MOD_C_MPIH_SUB1_TRUE=''
MPI_MOD_C_UDIV_FALSE=''
MPI_MOD_C_UDIV_QRNND_FALSE=''
MPI_MOD_C_UDIV_QRNND_TRUE='#'
MPI_MOD_C_UDIV_TRUE='#'
MPI_SFLAGS=''
NM='/usr/bin/nm -B'
NMEDIT=''
NOEXECSTACK_FLAGS='-Wa,--noexecstack'
OBJCOPY=''
OBJDUMP='objdump'
OBJEXT='o'
OTOOL64=''
OTOOL=''
PACKAGE='libgcrypt'
PACKAGE_BUGREPORT='https://bugs.gnupg.org'
PACKAGE_NAME='libgcrypt'
PACKAGE_STRING='libgcrypt 1.10.1-unknown'
PACKAGE_TARNAME='libgcrypt'
PACKAGE_URL=''
PACKAGE_VERSION='1.10.1-unknown'
PATH_SEPARATOR=':'
PTH_CFLAGS=''
PTH_CONFIG=''
PTH_LIBS=''
RANLIB='ranlib'
RC=''
READELF=''
RUN_LARGE_DATA_TESTS='no'
SED='/usr/bin/sed'
SET_MAKE=''
SHELL='/bin/bash'
STRIP='strip'
SYSROOT=''
USE_HMAC_BINARY_CHECK_FALSE=''
USE_HMAC_BINARY_CHECK_TRUE='#'
VERSION='1.10.1-unknown'
VERSION_NUMBER='0x010a01'
ac_ct_AR='ar'
ac_ct_CC='wllvm'
ac_ct_DUMPBIN=''
am__EXEEXT_FALSE=''
am__EXEEXT_TRUE='#'
am__fastdepCCAS_FALSE='#'
am__fastdepCCAS_TRUE=''
am__fastdepCC_FALSE='#'
am__fastdepCC_TRUE=''
am__include='include'
am__isrc=''
am__leading_dot='.'
am__nodep='_no'
am__quote=''
am__tar='$${TAR-tar} chof - "$$tardir"'
am__untar='$${TAR-tar} xf -'
bindir='${exec_prefix}/bin'
build='x86_64-pc-linux-gnu'
build_alias=''
build_cpu='x86_64'
build_os='linux-gnu'
build_vendor='pc'
datadir='${datarootdir}'
datarootdir='${prefix}/share'
docdir='${datarootdir}/doc/${PACKAGE_TARNAME}'
dvidir='${docdir}'
emacs_local_vars_begin='Local Variables:'
emacs_local_vars_end='End:'
emacs_local_vars_read_only='buffer-read-only: t'
exec_prefix='${prefix}'
host='x86_64-pc-linux-gnu'
host_alias=''
host_cpu='x86_64'
host_os='linux-gnu'
host_vendor='pc'
htmldir='${docdir}'
includedir='${prefix}/include'
infodir='${datarootdir}/info'
install_sh='${SHELL} /home/theta-lin/klee-deps/wllvm/libgcrypt-and-libgpg-error/libgcrypt-1.10.1/build-aux/install-sh'
libdir='${exec_prefix}/lib'
libexecdir='${exec_prefix}/libexec'
localedir='${datarootdir}/locale'
localstatedir='${prefix}/var'
mandir='${datarootdir}/man'
mkdir_p='$(MKDIR_P)'
oldincludedir='/usr/include'
pdfdir='${docdir}'
prefix='/usr/local'
program_transform_name='s,x,x,'
psdir='${docdir}'
runstatedir='${localstatedir}/run'
sbindir='${exec_prefix}/sbin'
sharedstatedir='${prefix}/com'
sysconfdir='${prefix}/etc'
target_alias=''

## ----------- ##
## confdefs.h. ##
## ----------- ##

/* confdefs.h */
#define PACKAGE_NAME "libgcrypt"
#define PACKAGE_TARNAME "libgcrypt"
#define PACKAGE_VERSION "1.10.1-unknown"
#define PACKAGE_STRING "libgcrypt 1.10.1-unknown"
#define PACKAGE_BUGREPORT "https://bugs.gnupg.org"
#define PACKAGE_URL ""
#define PACKAGE "libgcrypt"
#define VERSION "1.10.1-unknown"
#define HAVE_STDIO_H 1
#define HAVE_STDLIB_H 1
#define HAVE_STRING_H 1
#define HAVE_INTTYPES_H 1
#define HAVE_STDINT_H 1
#define HAVE_STRINGS_H 1
#define HAVE_SYS_STAT_H 1
#define HAVE_SYS_TYPES_H 1
#define HAVE_UNISTD_H 1
#define HAVE_WCHAR_H 1
#define HAVE_SYS_SOCKET_H 1
#define STDC_HEADERS 1
#define _ALL_SOURCE 1
#define _DARWIN_C_SOURCE 1
#define _GNU_SOURCE 1
#define _HPUX_ALT_XOPEN_SOCKET_API 1
#define _NETBSD_SOURCE 1
#define _OPENBSD_SOURCE 1
#define _POSIX_PTHREAD_SEMANTICS 1
#define __STDC_WANT_IEC_60559_ATTRIBS_EXT__ 1
#define __STDC_WANT_IEC_60559_BFP_EXT__ 1
#define __STDC_WANT_IEC_60559_DFP_EXT__ 1
#define __STDC_WANT_IEC_60559_FUNCS_EXT__ 1
#define __STDC_WANT_IEC_60559_TYPES_EXT__ 1
#define __STDC_WANT_LIB_EXT2__ 1
#define __STDC_WANT_MATH_SPEC_FUNCS__ 1
#define _TANDEM_SOURCE 1
#define __EXTENSIONS__ 1
#define HAVE_DLFCN_H 1
#define LT_OBJDIR ".libs/"
#define SIZEOF_UNSIGNED_SHORT 2
#define SIZEOF_UNSIGNED_INT 4
#define SIZEOF_UNSIGNED_LONG 8
#define SIZEOF_UNSIGNED_LONG_LONG 8
#define SIZEOF_VOID_P 8
#define HAVE_UINTPTR_T 1
#define SIZEOF_UINT64_T 8
#define EGD_SOCKET_NAME ""
#define ASM_DISABLED 1
#define FIPS_MODULE_VERSION ""
#define PRINTABLE_OS_NAME "GNU/Linux"
#define NAME_OF_DEV_RANDOM "/dev/random"
#define NAME_OF_DEV_URANDOM "/dev/urandom"
#define GPG_ERR_SOURCE_DEFAULT GPG_ERR_SOURCE_GCRYPT
#define HAVE_PTHREAD 1 
#define HAVE_UNISTD_H 1
#define HAVE_SYS_AUXV_H 1
#define HAVE_SYS_RANDOM_H 1
#define HAVE_USHORT 1
#define HAVE_BUILTIN_BSWAP32 1
#define HAVE_BUILTIN_BSWAP64 1
#define HAVE_BUILTIN_CTZ 1
#define HAVE_BUILTIN_CTZL 1
#define HAVE_BUILTIN_CLZ 1
#define HAVE_BUILTIN_CLZL 1
#define HAVE_SYNC_SYNCHRONIZE 1
#define HAVE_VLA 1
#define GCRY_USE_VISIBILITY 1
#define HAVE_GCC_ATTRIBUTE_ALIGNED 1
#define HAVE_GCC_ATTRIBUTE_PACKED 1
#define HAVE_GCC_ATTRIBUTE_MAY_ALIAS 1
#define HAVE_GCC_ASM_VOLATILE_MEMORY 1
#define HAVE_GCC_ASM_CFI_DIRECTIVES 1
#define HAVE_GCC_ASM_ELF_DIRECTIVES 1
#define HAVE_GCC_ATTRIBUTE_MS_ABI 1
#define HAVE_GCC_ATTRIBUTE_SYSV_ABI 1
#define HAVE_GCC_DEFAULT_ABI_IS_SYSV_ABI 1
#define HAVE_VPRINTF 1
#define HAVE_STPCPY 1
#define HAVE_STRCASECMP 1
#define HAVE_STRTOUL 1
#define HAVE_MEMMOVE 1
#define HAVE_ATEXIT 1
#define HAVE_RAISE 1
#define HAVE_STRERROR 1
#define HAVE_RAND 1
#define HAVE_MMAP 1
#define HAVE_GETPAGESIZE 1
#define HAVE_SYSCONF 1
#define HAVE_WAITPID 1
#define HAVE_WAIT4 1
#define HAVE_GETTIMEOFDAY 1
#define HAVE_GETRUSAGE 1
#define HAVE_CLOCK_GETTIME 1
#define HAVE_SYSLOG 1
#define HAVE_SYSCALL 1
#define HAVE_FCNTL 1
#define HAVE_FTRUNCATE 1
#define HAVE_FLOCKFILE 1
#define HAVE_GETAUXVAL 1
#define HAVE_EXPLICIT_BZERO 1
#define HAVE_GETENTROPY 1
#define HAVE_MLOCK 1
#define HAVE_SYSCONF 1
#define HAVE_GETPAGESIZE 1
#define HAVE_GETPID 1
#define HAVE_CLOCK 1
#define HAVE_DEV_RANDOM 1
#define ENABLE_JENT_SUPPORT 1
#define USE_ARCFOUR 1
#define USE_BLOWFISH 1
#define USE_CAST5 1
#define USE_DES 1
#define USE_AES 1
#define USE_TWOFISH 1
#define USE_SERPENT 1
#define USE_RFC2268 1
#define USE_SEED 1
#define USE_CAMELLIA 1
#define USE_IDEA 1
#define USE_SALSA20 1
#define USE_GOST28147 1
#define USE_CHACHA20 1
#define USE_SM4 1
#define USE_DSA 1
#define USE_RSA 1
#define USE_ELGAMAL 1
#define USE_ECC 1
#define USE_CRC 1
#define USE_GOST_R_3411_94 1
#define USE_GOST_R_3411_12 1
#define USE_MD4 1
#define USE_MD5 1
#define USE_RMD160 1
#define USE_SHA256 1
#define USE_SHA512 1
#define USE_SHA3 1
#define USE_TIGER 1
#define USE_WHIRLPOOL 1
#define USE_BLAKE2 1
#define USE_SM3 1
#define USE_SHA1 1
#define USE_SCRYPT 1
#define USE_RNDGETENTROPY 1
#define LIBGCRYPT_CIPHERS "arcfour:blowfish:cast5:des:aes:twofish:serpent:rfc2268:seed:camellia:idea:salsa20:gost28147:chacha20:sm4"
#define LIBGCRYPT_PUBKEY_CIPHERS "dsa:elgamal:rsa:ecc"
#define LIBGCRYPT_DIGESTS "crc:gostr3411-94::md4:md5:rmd160:sha1:sha256:sha512:sha3:tiger:whirlpool:stribog:blake2:sm3"
#define LIBGCRYPT_KDFS "s2k:pkdf2:scrypt"
#define BUILD_REVISION "0000000"
#define BUILD_TIMESTAMP "<none>"

configure: exit 0
